Workbook

Sheet Summary
A3: Conservative Buffer: 50% (20% buffer + 20% model uncertainty-deduction + 10% other updates)
A5: Year | B5: Eor | C5: Lanyuak | D5: Mumberes | E5: Kabianga | F5: Kipsigis | H5: Net Total Project ERs (QA1)
A6: 2026 | B6: =Eor!C3 * 0.5 -> 69130.689 | C6: =Lanyuak!E3 * 0.5 -> 65907.171 | D6: =Mumberes!E3*0.5 -> 30178.507 | E6: =Kabianga!C3*0.5 -> 220922.51 | F6: =Kipsigis!B3*0.5 -> 143908.26 | H6: =SUM(B6:F6) -> 530047.14
A7: 2027 | B7: =Eor!C4 * 0.5 -> 39138.315 | C7: =Lanyuak!E4 * 0.5 -> 37313.493 | D7: =Mumberes!E4*0.5 -> 15842.028 | E7: =Kabianga!C4*0.5 -> 115734.93 | F7: =Kipsigis!B4*0.5 -> 75395.606 | H7: =SUM(B7:F7) -> 283424.37
A8: 2028 | B8: =Eor!C5 * 0.5 -> 26671.799 | C8: =Lanyuak!E5 * 0.5 -> 25428.491 | D8: =Mumberes!E5*0.5 -> 9922.6519 | E8: =Kabianga!C5*0.5 -> 72129.448 | F8: =Kipsigis!B5*0.5 -> 46998.605 | H8: =SUM(B8:F8) -> 181150.99
A9: 2029 | B9: =Eor!C6 * 0.5 -> 19902.155 | C9: =Lanyuak!E6 * 0.5 -> 18974.726 | D9: =Mumberes!E6*0.5 -> 6748.877 | E9: =Kabianga!C6*0.5 -> 48624.917 | F9: =Kipsigis!B6*0.5 -> 31695.127 | H9: =SUM(B9:F9) -> 125945.8
A10: 2030 | B10: =Eor!C7 * 0.5 -> 16090.073 | C10: =Lanyuak!E7 * 0.5 -> 15340.604 | D10: =Mumberes!E7*0.5 -> 4998.0178 | E10: =Kabianga!C7*0.5 -> 35559.392 | F10: =Kipsigis!B7*0.5 -> 23190.776 | H10: =SUM(B10:F10) -> 95178.864
A11: 2031 | B11: =Eor!C8 * 0.5 -> 13833.705 | C11: =Lanyuak!E8 * 0.5 -> 13189.64 | D11: =Mumberes!E8*0.5 -> 3993.9624 | E11: =Kabianga!C8*0.5 -> 27990.641 | F11: =Kipsigis!B8*0.5 -> 18266.001 | H11: =SUM(B11:F11) -> 77273.949
A12: 2032 | B12: =Eor!C9 * 0.5 -> 12405.246 | C12: =Lanyuak!E9 * 0.5 -> 11827.961 | D12: =Mumberes!E9*0.5 -> 3386.2099 | E12: =Kabianga!C9*0.5 -> 23353.587 | F12: =Kipsigis!B9*0.5 -> 15249.923 | H12: =SUM(B12:F12) -> 66222.927
A13: 2033 | B13: =Eor!C10 * 0.5 -> 11423.538 | C13: =Lanyuak!E10 * 0.5 -> 10892.185 | D13: =Mumberes!E10*0.5 -> 2991.4737 | E13: =Kabianga!C10*0.5 -> 20304.642 | F13: =Kipsigis!B10*0.5 -> 13267.416 | H13: =SUM(B13:F13) -> 58879.253
A14: 2034 | B14: =Eor!C11 * 0.5 -> 10687.827 | C14: =Lanyuak!E11 * 0.5 -> 10190.919 | D14: =Mumberes!E11*0.5 -> 2713.342 | E14: =Kabianga!C11*0.5 -> 18135.353 | F14: =Kipsigis!B11*0.5 -> 11857.1 | H14: =SUM(B14:F14) -> 53584.542
A15: 2035 | B15: =Eor!C12 * 0.5 -> 10091.887 | C15: =Lanyuak!E12 * 0.5 -> 9622.892 | D15: =Mumberes!E12*0.5 -> 2500.8473 | E15: =Kabianga!C12*0.5 -> 16469.851 | F15: =Kipsigis!B12*0.5 -> 10774.241 | H15: =SUM(B15:F15) -> 49459.718
A16: 2036 | B16: =Eor!C13 * 0.5 -> 9579.2189 | C16: =Lanyuak!E13 * 0.5 -> 9134.2403 | D16: =Mumberes!E13*0.5 -> 2326.891 | E16: =Kabianga!C13*0.5 -> 15107.182 | F16: =Kipsigis!B13*0.5 -> 9888.0329 | H16: =SUM(B16:F16) -> 46035.565
A17: 2037 | B17: =Eor!C14 * 0.5 -> 9119.5507 | C17: =Lanyuak!E14 * 0.5 -> 8696.1045 | D17: =Mumberes!E14*0.5 -> 2176.946 | E17: =Kabianga!C14*0.5 -> 13938.681 | F17: =Kipsigis!B14*0.5 -> 9127.7782 | H17: =SUM(B17:F17) -> 43059.06
... A45: 2065 | B45: =Eor!C42 * 0.5 -> 2574.7486 | C45: =Lanyuak!E42 * 0.5 -> 2456.5974 | D45: =Mumberes!E42*0.5 -> 419.33112 | E45: =Kabianga!C42*0.5 -> 1837.6486 | F45: =Kipsigis!B42*0.5 -> 1213.4305 | H45: =SUM(B45:F45) -> 8501.7561
G47: Total | H47: =SUM(H6:H45) -> 2179674.9
G48: Avg/yr | H48: =H47/40 -> 54491.872
H50: =AVERAGE(H6:H15) -> 152116.76

Sheet Additional_Coop_Projections
A1: Year | B1: Net Total Project ERs (QA1) | L1: ER/yr
A2: Total Coops --> | B2: 5 | C2: 10 | D2: 15 | E2: 20 | F2: 25 | G2: 30 | H2: 35 | I2: 40 | J2: 45 | K2: 50
A3: 2026 | B3: 530047.14 | L3: =SUM(B3:K3) -> 530047.14
A4: 2027 | B4: 283424.37 | C4: 530047.14 | L4: =SUM(B4:K4) -> 813471.51
A5: 2028 | B5: 181150.99 | C5: 283424.37 | D5: 530047.14 | L5: =SUM(B5:K5) -> 994622.5
A6: 2029 | B6: 125945.8 | C6: 181150.99 | D6: 283424.37 | E6: 530047.14 | L6: =SUM(B6:K6) -> 1120568.3
A7: 2030 | B7: 95178.864 | C7: 125945.8 | D7: 181150.99 | E7: 283424.37 | F7: 530047.14 | L7: =SUM(B7:K7) -> 1215747.2
A8: 2031 | B8: 77273.949 | C8: 95178.86 | D8: 125945.8 | E8: 181150.99 | F8: 283424.37 | G8: 530047.14 | L8: =SUM(B8:K8) -> 1293021.1
A9: 2032 | B9: 66222.927 | C9: 77273.95 | D9: 95178.86 | E9: 125945.8 | F9: 181150.99 | G9: 283424.37 | H9: 530047.14 | L9: =SUM(B9:K9) -> 1359244
A10: 2033 | B10: 58879.253 | C10: 66222.93 | D10: 77273.95 | E10: 95178.86 | F10: 125945.8 | G10: 181150.99 | H10: 283424.37 | I10: 530047.14 | L10: =SUM(B10:K10) -> 1418123.3
A11: 2034 | B11: 53584.542 | C11: 58879.25 | D11: 66222.93 | E11: 77273.95 | F11: 95178.86 | G11: 125945.8 | H11: 181150.99 | I11: 283424.37 | J11: 530047.14 | L11: =SUM(B11:K11) -> 1471707.8
A12: 2035 | B12: 49459.718 | C12: 53584.54 | D12: 58879.25 | E12: 66222.93 | F12: 77273.95 | G12: 95178.86 | H12: 125945.8 | I12: 181150.99 | J12: 283424.37 | K12: 530047.14 | L12: =SUM(B12:K12) -> 1521167.5
A14: Total | B14: =SUM(B3:K12) -> 11737720
A15: Avg/yr | B15: =B14/10 -> 1173772

Sheet Eor
A1: Maize | B1: Potato | C1: Aggregate (tCO2e/yr)
G2: Area (ha)
A3: 30.009652 | B3: 32.520493 | C3: =A3*0.4*$G$3 + B3*0.6*$G$3 -> 138261.38 | G3: 4387
A4: 16.987954 | B4: 18.412798 | C4: =A4*0.4*$G$3 + B4*0.6*$G$3 -> 78276.629
A5: 11.573809 | B5: 12.549912 | C5: =A5*0.4*$G$3 + B5*0.6*$G$3 -> 53343.598
A6: 8.6325957 | B6: 9.3670054 | C6: =A6*0.4*$G$3 + B6*0.6*$G$3 -> 39804.311
A7: 6.9753653 | B7: 7.5753266 | C7: =A7*0.4*$G$3 + B7*0.6*$G$3 -> 32180.146
A8: 5.9936493 | B8: 6.5153692 | C8: =A8*0.4*$G$3 + B8*0.6*$G$3 -> 27667.411
A9: 5.3715259 | B9: 5.8447452 | C9: =A9*0.4*$G$3 + B9*0.6*$G$3 -> 24810.492
A10: 4.9435316 | B10: 5.3841526 | C10: =A10*0.4*$G$3 + B10*0.6*$G$3 -> 22847.076
A11: 4.6225078 | B11: 5.0391602 | C11: =A11*0.4*$G$3 + B11*0.6*$G$3 -> 21375.654
A12: 4.3623284 | B12: 4.7598055 | C12: =A12*0.4*$G$3 + B12*0.6*$G$3 -> 20183.774
A13: 4.1384544 | B13: 4.5195191 | C13: =A13*0.4*$G$3 + B13*0.6*$G$3 -> 19158.438
A14: 3.9377328 | B14: 4.304068 | C14: =A14*0.4*$G$3 + B14*0.6*$G$3 -> 18239.101
A15: 3.7530279 | B15: 4.1057379 | C15: =A15*0.4*$G$3 + B15*0.6*$G$3 -> 17392.937
... A42: 1.0944524 | B42: 1.2267123 | C42: =A42*0.4*$G$3 + B42*0.6*$G$3 -> 5149.4971

Sheet Lanyuak
A1: Maize | B1: Wheat | C1: Barley | D1: Potato | E1: Aggregate (tCO2e/yr)
G2: Area (ha)
A3: 32.454501 | B3: 32.541204 | C3: 32.541204 | D3: 30.448783 | E3: =A3*0.2*$G$3 + B3*0.15*$G$3 + C3*0.15*$G$3 + D3*0.4*$G$3 -> 131814.34 | G3: 4636
A4: 18.375342 | B4: 18.424553 | C4: 18.424553 | D4: 17.237112 | E4: =A4*0.2*$G$3 + B4*0.15*$G$3 + C4*0.15*$G$3 + D4*0.4*$G$3 -> 74626.986
A5: 12.524242 | B5: 12.557968 | C5: 12.557968 | D5: 11.744436 | E5: =A5*0.2*$G$3 + B5*0.15*$G$3 + C5*0.15*$G$3 + D5*0.4*$G$3 -> 50856.982
A6: 9.3476788 | B6: 9.3730712 | C6: 9.3730712 | D6: 8.7609025 | E6: =A6*0.2*$G$3 + B6*0.15*$G$3 + C6*0.15*$G$3 + D6*0.4*$G$3 -> 37949.453
A7: 7.5595251 | B7: 7.5802861 | C7: 7.5802861 | D7: 7.0801097 | E7: =A7*0.2*$G$3 + B7*0.15*$G$3 + C7*0.15*$G$3 + D7*0.4*$G$3 -> 30681.209
A8: 6.5016161 | B8: 6.519686 | C8: 6.519686 | D8: 6.0846644 | E8: =A8*0.2*$G$3 + B8*0.15*$G$3 + C8*0.15*$G$3 + D8*0.4*$G$3 -> 26379.279
A9: 5.8322593 | B9: 5.8486643 | C9: 5.8486643 | D9: 5.4540168 | E9: =A9*0.2*$G$3 + B9*0.15*$G$3 + C9*0.15*$G$3 + D9*0.4*$G$3 -> 23655.922
A10: 5.3725166 | B10: 5.387805 | C10: 5.387805 | D10: 5.020283 | E10: =A10*0.2*$G$3 + B10*0.15*$G$3 + C10*0.15*$G$3 + D10*0.4*$G$3 -> 21784.369
A11: 5.028148 | B11: 5.0426169 | C11: 5.0426169 | D11: 4.6950323 | E11: =A11*0.2*$G$3 + B11*0.15*$G$3 + C11*0.15*$G$3 + D11*0.4*$G$3 -> 20381.838
A12: 4.7492916 | B12: 4.763106 | C12: 4.763106 | D12: 4.4314674 | E12: =A12*0.2*$G$3 + B12*0.15*$G$3 + C12*0.15*$G$3 + D12*0.4*$G$3 -> 19245.784
A13: 4.5094314 | B13: 4.5226858 | C13: 4.5226858 | D13: 4.204694 | E13: =A13*0.2*$G$3 + B13*0.15*$G$3 + C13*0.15*$G$3 + D13*0.4*$G$3 -> 18268.481
A14: 4.2943627 | B14: 4.3071147 | C14: 4.3071147 | D14: 4.0013701 | E14: =A14*0.2*$G$3 + B14*0.15*$G$3 + C14*0.15*$G$3 + D14*0.4*$G$3 -> 17392.209
A15: 4.0963864 | B15: 4.1086736 | C15: 4.1086736 | D15: 3.8142584 | E15: =A15*0.2*$G$3 + B15*0.15*$G$3 + C15*0.15*$G$3 + D15*0.4*$G$3 -> 16585.674
... A42: 1.2231374 | B42: 1.2278354 | C42: 1.2278354 | D42: 1.1170342 | E42: =A42*0.2*$G$3 + B42*0.15*$G$3 + C42*0.15*$G$3 + D42*0.4*$G$3 -> 4913.1947

Sheet Mumberes
A1: Maize | B1: Potato | C1: Maize | D1: Potato | E1: Aggregate (tCO2e/yr)
A2: Nth Soil type | C2: Ntu Soil type | G2: Area (ha)
A3: 46.4704 | B3: 53.47742 | C3: 47.220087 | D3: 54.226684 | E3: =(A3*0.6*$H$3 + B3*0.34*$H$3) + (A3*0.6*$H$4 + B3*0.34*$H$4) -> 60357.015 | G3: Nth | H3: 333.77
A4: 24.38576 | B4: 28.08783 | C4: 24.77906 | D4: 28.480969 | E4: =(A4*0.6*$H$3 + B4*0.34*$H$3) + (A4*0.6*$H$4 + B4*0.34*$H$4) -> 31684.056 | G4: Ntu | H4: 976.5
A5: 15.26066 | B5: 17.61638 | C5: 15.507652 | D5: 17.863527 | E5: =(A5*0.6*$H$3 + B5*0.34*$H$3) + (A5*0.6*$H$4 + B5*0.34*$H$4) -> 19845.304
A6: 10.3633 | B6: 12.01037 | C6: 10.532267 | D6: 12.179796 | E6: =(A6*0.6*$H$3 + B6*0.34*$H$3) + (A6*0.6*$H$4 + B6*0.34*$H$4) -> 13497.754
A7: 7.657717 | B7: 8.924585 | C7: 7.7839761 | D7: 9.0515805 | E7: =(A7*0.6*$H$3 + B7*0.34*$H$3) + (A7*0.6*$H$4 + B7*0.34*$H$4) -> 9996.0355
A8: 6.103088 | B8: 7.160421 | C8: 6.2051276 | D8: 7.2634521 | E8: =(A8*0.6*$H$3 + B8*0.34*$H$3) + (A8*0.6*$H$4 + B8*0.34*$H$4) -> 7987.9247
A9: 5.159746 | B9: 6.096686 | C9: 5.2473315 | D9: 6.1854977 | E9: =(A9*0.6*$H$3 + B9*0.34*$H$3) + (A9*0.6*$H$4 + B9*0.34*$H$4) -> 6772.4199
A10: 4.545409 | B10: 5.408673 | C10: 4.6237521 | D10: 5.4884548 | E10: =(A10*0.6*$H$3 + B10*0.34*$H$3) + (A10*0.6*$H$4 + B10*0.34*$H$4) -> 5982.9473
A11: 4.111538 | B11: 4.925678 | C11: 4.1834588 | D11: 4.9992309 | E11: =(A11*0.6*$H$3 + B11*0.34*$H$3) + (A11*0.6*$H$4 + B11*0.34*$H$4) -> 5426.6841
A12: 3.779564 | B12: 4.557536 | C12: 3.8466223 | D12: 4.6264026 | E12: =(A12*0.6*$H$3 + B12*0.34*$H$3) + (A12*0.6*$H$4 + B12*0.34*$H$4) -> 5001.6945
A13: 3.507678 | B13: 4.256372 | C13: 3.5707658 | D13: 4.3214288 | E13: =(A13*0.6*$H$3 + B13*0.34*$H$3) + (A13*0.6*$H$4 + B13*0.34*$H$4) -> 4653.782
A14: 3.273435 | B14: 3.996576 | C14: 3.333091 | D14: 4.0583449 | E14: =(A14*0.6*$H$3 + B14*0.34*$H$3) + (A14*0.6*$H$4 + B14*0.34*$H$4) -> 4353.892
A15: 3.06462 | B15: 3.764284 | C15: 3.1211922 | D15: 3.8230988 | E15: =(A15*0.6*$H$3 + B15*0.34*$H$3) + (A15*0.6*$H$4 + B15*0.34*$H$4) -> 4086.2454
A16: 2.874435 | B16: 3.551847 | C16: 2.9281673 | D16: 3.6079387 | E16: =(A16*0.6*$H$3 + B16*0.34*$H$3) + (A16*0.6*$H$4 + B16*0.34*$H$4) -> 3842.0903
... A42: 0.586191 | B42: 0.848099 | C42: 0.60075819 | D42: 0.86526637 | E42: =(A42*0.6*$H$3 + B42*0.34*$H$3) + (A42*0.6*$H$4 + B42*0.34*$H$4) -> 838.66224

Sheet Kabianga
A1: Tea | B1: Napier | C1: Aggregate (tCO2e/yr)
G2: Area (ha)
A3: 36.387504 | B3: 26.762737 | C3: =A3*0.57*$G$3 + B3*0.3*$G$3 -> 441845.02 | G3: 15358
A4: 19.068668 | B4: 14.008246 | C4: =A4*0.57*$G$3 + B4*0.3*$G$3 -> 231469.85
A5: 11.893911 | B5: 8.7118291 | C5: =A5*0.57*$G$3 + B5*0.3*$G$3 -> 144258.9
A6: 8.0297994 | B6: 5.8506942 | C6: =A6*0.57*$G$3 + B6*0.3*$G$3 -> 97249.835
A7: 5.884358 | B7: 4.2554937 | C7: =A7*0.57*$G$3 + B7*0.3*$G$3 -> 71118.785
A8: 4.6433773 | B8: 3.3278809 | C8: =A8*0.57*$G$3 + B8*0.3*$G$3 -> 55981.282
A9: 3.8843642 | B9: 2.7571335 | C9: =A9*0.57*$G$3 + B9*0.3*$G$3 -> 46707.174
A10: 3.3860856 | B10: 2.3803634 | C10: =A10*0.57*$G$3 + B10*0.3*$G$3 -> 40609.283
A11: 3.031942 | B11: 2.1115822 | C11: =A11*0.57*$G$3 + B11*0.3*$G$3 -> 36270.706
A12: 2.7601129 | B12: 1.9050893 | C12: =A12*0.57*$G$3 + B12*0.3*$G$3 -> 32939.702
A13: 2.5375812 | B13: 1.7363861 | C13: =A13*0.57*$G$3 + B13*0.3*$G$3 -> 30214.364
A14: 2.346522 | B14: 1.5921706 | C14: =A14*0.57*$G$3 + B14*0.3*$G$3 -> 27877.361
A15: 2.1771462 | B15: 1.465073 | C15: =A15*0.57*$G$3 + B15*0.3*$G$3 -> 25809.046
... A42: 0.32694202 | B42: 0.17650456 | C42: =A42*0.57*$G$3 + B42*0.3*$G$3 -> 3675.2972

Sheet Kipsigis
A1: Tea | B1: Aggregate (tCO2e/yr)
F2: Area (ha)
A3: 34.400528 | B3: =A3*0.8645*$F$3 -> 287816.53 | F3: 9678
A4: 18.022931 | B4: =A4*0.8645*$F$3 -> 150791.21
A5: 11.234774 | B5: =A5*0.8645*$F$3 -> 93997.21
A6: 7.5765567 | B6: =A6*0.8645*$F$3 -> 63390.254
A7: 5.5436355 | B7: =A7*0.8645*$F$3 -> 46381.552
A8: 4.3663933 | B8: =A8*0.8645*$F$3 -> 36532.002
A9: 3.6454155 | B9: =A9*0.8645*$F$3 -> 30499.846
A10: 3.1715073 | B10: =A10*0.8645*$F$3 -> 26534.831
A11: 2.8343787 | B11: =A11*0.8645*$F$3 -> 23714.2
A12: 2.5755267 | B12: =A12*0.8645*$F$3 -> 21548.482
A13: 2.3636833 | B13: =A13*0.8645*$F$3 -> 19776.066
A14: 2.1819483 | B14: =A14*0.8645*$F$3 -> 18255.556
A15: 2.0210244 | B15: =A15*0.8645*$F$3 -> 16909.166
... A42: 0.2900643 | B42: =A42*0.8645*$F$3 -> 2426.861
