Workbook

Sheet Summary
A3: Conservative Buffer: 50% (20% buffer + 20% model uncertainty-deduction + 10% other updates)
A5: Year | B5: Eor | C5: Lanyuak | D5: Mumberes | E5: Kabianga | F5: Kipsigis | H5: Net Total Project ERs (QA1)
A6: 2026 | B6: =Eor!C3 * 0.5 -> 107519.19 | C6: =Lanyuak!E3 * 0.5 -> 102417.87 | D6: =Mumberes!E3*0.5 -> 40452.365 | E6: =Kabianga!C3*0.5 -> 332312.83 | F6: =Kipsigis!B3*0.5 -> 213660.76 | H6: =SUM(B6:F6) -> 796363.01
A7: 2027 | B7: =Eor!C4 * 0.5 -> 60952.724 | C7: =Lanyuak!E4 * 0.5 -> 58061.072 | D7: =Mumberes!E4*0.5 -> 21280.481 | E7: =Kabianga!C4*0.5 -> 174448.94 | F7: =Kipsigis!B4*0.5 -> 112174.38 | H7: =SUM(B7:F7) -> 426917.6
A8: 2028 | B8: =Eor!C5 * 0.5 -> 41661.992 | C8: =Lanyuak!E5 * 0.5 -> 39685.954 | D8: =Mumberes!E5*0.5 -> 13399.779 | E8: =Kabianga!C5*0.5 -> 109277.54 | F8: =Kipsigis!B5*0.5 -> 70287.371 | H8: =SUM(B8:F8) -> 274312.64
A9: 2029 | B9: =Eor!C6 * 0.5 -> 31235.484 | C9: =Lanyuak!E6 * 0.5 -> 29754.499 | D9: =Mumberes!E6*0.5 -> 9200.4179 | E9: =Kabianga!C6*0.5 -> 74340.037 | F9: =Kipsigis!B6*0.5 -> 47839.312 | H9: =SUM(B9:F9) -> 192369.75
A10: 2030 | B10: =Eor!C7 * 0.5 -> 25405.205 | C10: =Lanyuak!E7 * 0.5 -> 24201.211 | D10: =Mumberes!E7*0.5 -> 6905.2994 | E10: =Kabianga!C7*0.5 -> 55070.565 | F10: =Kipsigis!B7*0.5 -> 35463.811 | H10: =SUM(B10:F10) -> 147046.09
A11: 2031 | B11: =Eor!C8 * 0.5 -> 21987.863 | C11: =Lanyuak!E8 * 0.5 -> 20946.347 | D11: =Mumberes!E8*0.5 -> 5606.5691 | E11: =Kabianga!C8*0.5 -> 44023.768 | F11: =Kipsigis!B8*0.5 -> 28373.427 | H11: =SUM(B11:F11) -> 120937.97
A12: 2032 | B12: =Eor!C9 * 0.5 -> 19850.655 | C12: =Lanyuak!E9 * 0.5 -> 18910.856 | D12: =Mumberes!E9*0.5 -> 4834.041 | E12: =Kabianga!C9*0.5 -> 37339.957 | F12: =Kipsigis!B9*0.5 -> 24086.505 | H12: =SUM(B12:F12) -> 105022.01
A13: 2033 | B13: =Eor!C10 * 0.5 -> 18400.84 | C13: =Lanyuak!E10 * 0.5 -> 17530.114 | D13: =Mumberes!E10*0.5 -> 4342.1928 | E13: =Kabianga!C10*0.5 -> 33000.857 | F13: =Kipsigis!B10*0.5 -> 21305.488 | H13: =SUM(B13:F13) -> 94579.493
A14: 2034 | B14: =Eor!C11 * 0.5 -> 17326.583 | C14: =Lanyuak!E11 * 0.5 -> 16507.085 | D14: =Mumberes!E11*0.5 -> 4002.1405 | E14: =Kabianga!C11*0.5 -> 29944.88 | F14: =Kipsigis!B11*0.5 -> 19347.971 | H14: =SUM(B14:F14) -> 87128.66
A15: 2035 | B15: =Eor!C12 * 0.5 -> 16463.15 | C15: =Lanyuak!E12 * 0.5 -> 15684.855 | D15: =Mumberes!E12*0.5 -> 3745.9525 | E15: =Kabianga!C12*0.5 -> 27610.856 | F15: =Kipsigis!B12*0.5 -> 17853.305 | H15: =SUM(B15:F15) -> 81358.119
A16: 2036 | B16: =Eor!C13 * 0.5 -> 15723.138 | C16: =Lanyuak!E13 * 0.5 -> 14980.17 | D16: =Mumberes!E13*0.5 -> 3537.6796 | E16: =Kabianga!C13*0.5 -> 25700.451 | F16: =Kipsigis!B13*0.5 -> 16629.821 | H16: =SUM(B16:F16) -> 76571.259
A17: 2037 | B17: =Eor!C14 * 0.5 -> 15059.899 | C17: =Lanyuak!E14 * 0.5 -> 14348.595 | D17: =Mumberes!E14*0.5 -> 3358.1902 | E17: =Kabianga!C14*0.5 -> 24053.764 | F17: =Kipsigis!B14*0.5 -> 15574.844 | H17: =SUM(B17:F17) -> 72395.291
... A45: 2065 | B45: =Eor!C42 * 0.5 -> 5071.2325 | C45: =Lanyuak!E42 * 0.5 -> 4834.7639 | D45: =Mumberes!E42*0.5 -> 971.46106 | E45: =Kabianga!C42*0.5 -> 4693.1873 | F45: =Kipsigis!B42*0.5 -> 3078.4932 | H45: =SUM(B45:F45) -> 18649.138
G47: Total | H47: =SUM(H6:H45) -> 3543670
G48: Avg/yr | H48: =H47/40 -> 88591.75

Sheet Eor
A1: Maize | B1: Potato | C1: Aggregate (tCO2e/yr)
G2: Area (ha)
A3: 47.51015 | B3: 50.02187 | C3: =A3*0.4*$G$3 + B3*0.6*$G$3 -> 215038.38 | G3: 4387
A4: 26.9304 | B4: 28.35954 | C4: =A4*0.4*$G$3 + B4*0.6*$G$3 -> 121905.45
A5: 18.40244 | B5: 19.38735 | C5: =A5*0.4*$G$3 + B5*0.6*$G$3 -> 83323.984
A6: 13.79119 | B6: 14.53924 | C6: =A6*0.4*$G$3 + B6*0.6*$G$3 -> 62470.968
A7: 11.21103 | B7: 11.82938 | C7: =A7*0.4*$G$3 + B7*0.6*$G$3 -> 50810.409
A8: 9.697325 | B8: 10.24195 | C8: =A8*0.4*$G$3 + B8*0.6*$G$3 -> 43975.727
A9: 8.749562 | B9: 9.249897 | C9: =A9*0.4*$G$3 + B9*0.6*$G$3 -> 39701.31
A10: 8.105814 | B10: 8.577463 | C10: =A10*0.4*$G$3 + B10*0.6*$G$3 -> 36801.681
A11: 7.628277 | B11: 8.079578 | C11: =A11*0.4*$G$3 + B11*0.6*$G$3 -> 34653.166
A12: 7.244142 | B12: 7.679614 | C12: =A12*0.4*$G$3 + B12*0.6*$G$3 -> 32926.3
A13: 6.914771 | B13: 7.336918 | C13: =A13*0.4*$G$3 + B13*0.6*$G$3 -> 31446.276
A14: 6.619537 | B14: 7.029798 | C14: =A14*0.4*$G$3 + B14*0.6*$G$3 -> 30119.798
A15: 6.347317 | B15: 6.74657 | C15: =A15*0.4*$G$3 + B15*0.6*$G$3 -> 28896.593
... A42: 2.194244 | B42: 2.390398 | C42: =A42*0.4*$G$3 + B42*0.6*$G$3 -> 10142.465

Sheet Lanyuak
A1: Maize | B1: Wheat | C1: Barley | D1: Potato | E1: Aggregate (tCO2e/yr)
G2: Area (ha)
A3: 49.95586 | B3: 50.04259 | C3: 50.04259 | D3: 47.94944 | E3: =A3*0.2*$G$3 + B3*0.15*$G$3 + C3*0.15*$G$3 + D3*0.4*$G$3 -> 204835.75 | G3: 4636
A4: 28.32197 | B4: 28.37133 | C4: 28.37133 | D4: 27.18031 | E4: =A4*0.2*$G$3 + B4*0.15*$G$3 + C4*0.15*$G$3 + D4*0.4*$G$3 -> 116122.14
A5: 19.36145 | B5: 19.39548 | C5: 19.39548 | D5: 18.5746 | E5: =A5*0.2*$G$3 + B5*0.15*$G$3 + C5*0.15*$G$3 + D5*0.4*$G$3 -> 79371.908
A6: 14.51955 | B6: 14.54541 | C6: 14.54541 | D6: 13.92187 | E6: =A6*0.2*$G$3 + B6*0.15*$G$3 + C6*0.15*$G$3 + D6*0.4*$G$3 -> 59508.999
A7: 11.81309 | B7: 11.83449 | C7: 11.83449 | D7: 11.31898 | E7: =A7*0.2*$G$3 + B7*0.15*$G$3 + C7*0.15*$G$3 + D7*0.4*$G$3 -> 48402.422
A8: 10.22759 | B8: 10.24645 | C8: 10.24645 | D8: 9.792337 | E8: =A8*0.2*$G$3 + B8*0.15*$G$3 + C8*0.15*$G$3 + D8*0.4*$G$3 -> 41892.694
A9: 9.236696 | B9: 9.25404 | C9: 9.25404 | D9: 8.836782 | E9: =A9*0.2*$G$3 + B9*0.15*$G$3 + C9*0.15*$G$3 + D9*0.4*$G$3 -> 37821.712
A10: 8.565009 | B10: 8.581373 | C10: 8.581373 | D10: 8.187974 | E10: =A10*0.2*$G$3 + B10*0.15*$G$3 + C10*0.15*$G$3 + D10*0.4*$G$3 -> 35060.229
A11: 8.067651 | B11: 8.083322 | C11: 8.083322 | D11: 7.706838 | E11: =A11*0.2*$G$3 + B11*0.15*$G$3 + C11*0.15*$G$3 + D11*0.4*$G$3 -> 33014.171
A12: 7.668096 | B12: 7.683229 | C12: 7.683229 | D12: 7.319897 | E12: =A12*0.2*$G$3 + B12*0.15*$G$3 + C12*0.15*$G$3 + D12*0.4*$G$3 -> 31369.711
A13: 7.325744 | B13: 7.340426 | C13: 7.340426 | D13: 6.988161 | E13: =A13*0.2*$G$3 + B13*0.15*$G$3 + C13*0.15*$G$3 + D13*0.4*$G$3 -> 29960.34
A14: 7.018931 | B14: 7.03321 | C14: 7.03321 | D14: 6.690816 | E14: =A14*0.2*$G$3 + B14*0.15*$G$3 + C14*0.15*$G$3 + D14*0.4*$G$3 -> 28697.19
A15: 6.735986 | B15: 6.749892 | C15: 6.749892 | D15: 6.41664 | E15: =A15*0.2*$G$3 + B15*0.15*$G$3 + C15*0.15*$G$3 + D15*0.4*$G$3 -> 27532.373
... A42: 2.385103 | B42: 2.392062 | C42: 2.392062 | D42: 2.227772 | E42: =A42*0.2*$G$3 + B42*0.15*$G$3 + C42*0.15*$G$3 + D42*0.4*$G$3 -> 9669.5277

Sheet Mumberes
A1: Maize | B1: Potato | C1: Maize | D1: Potato | E1: Aggregate (tCO2e/yr)
A2: Nth Soil type | C2: Ntu Soil type | G2: Area (ha)
A3: 63.15209 | B3: 70.16281 | C3: 63.900727 | D3: 70.91098 | E3: =(A3*0.6*$H$3 + B3*0.34*$H$3) + (A3*0.6*$H$4 + B3*0.34*$H$4) -> 80904.73 | G3: Nth | H3: 333.77
A4: 33.21037 | B4: 36.93049 | C4: 33.603149 | D4: 37.322908 | E4: =(A4*0.6*$H$3 + B4*0.34*$H$3) + (A4*0.6*$H$4 + B4*0.34*$H$4) -> 42560.961 | G4: Ntu | H4: 976.5
A5: 20.8935 | B5: 23.28636 | C5: 21.140601 | D5: 23.533217 | E5: =(A5*0.6*$H$3 + B5*0.34*$H$3) + (A5*0.6*$H$4 + B5*0.34*$H$4) -> 26799.558
A6: 14.32329 | B6: 16.02815 | C6: 14.492935 | D6: 16.19764 | E6: =(A6*0.6*$H$3 + B6*0.34*$H$3) + (A6*0.6*$H$4 + B6*0.34*$H$4) -> 18400.836
A7: 10.72648 | B7: 12.07171 | C7: 10.853948 | D7: 12.199095 | E7: =(A7*0.6*$H$3 + B7*0.34*$H$3) + (A7*0.6*$H$4 + B7*0.34*$H$4) -> 13810.599
A8: 8.686201 | B8: 9.841656 | C8: 8.7899345 | D8: 9.9453711 | E8: =(A8*0.6*$H$3 + B8*0.34*$H$3) + (A8*0.6*$H$4 + B8*0.34*$H$4) -> 11213.138
A9: 7.468539 | B9: 8.522268 | C9: 7.5582661 | D9: 8.6120355 | E9: =(A9*0.6*$H$3 + B9*0.34*$H$3) + (A9*0.6*$H$4 + B9*0.34*$H$4) -> 9668.0821
A10: 6.69018 | B10: 7.687729 | C10: 6.7710778 | D10: 7.7687211 | E10: =(A10*0.6*$H$3 + B10*0.34*$H$3) + (A10*0.6*$H$4 + B10*0.34*$H$4) -> 8684.3855
A11: 6.149851 | B11: 7.114613 | C11: 6.2247052 | D11: 7.1896137 | E11: =(A11*0.6*$H$3 + B11*0.34*$H$3) + (A11*0.6*$H$4 + B11*0.34*$H$4) -> 8004.2809
A12: 5.74142 | B12: 6.685238 | C12: 5.8117614 | D12: 6.7557761 | E12: =(A12*0.6*$H$3 + B12*0.34*$H$3) + (A12*0.6*$H$4 + B12*0.34*$H$4) -> 7491.9049
A13: 5.408686 | B13: 6.337391 | C13: 5.4753786 | D13: 6.4043281 | E13: =(A13*0.6*$H$3 + B13*0.34*$H$3) + (A13*0.6*$H$4 + B13*0.34*$H$4) -> 7075.3591
A14: 5.12171 | B14: 6.038016 | C14: 5.1852652 | D14: 6.1018622 | E14: =(A14*0.6*$H$3 + B14*0.34*$H$3) + (A14*0.6*$H$4 + B14*0.34*$H$4) -> 6716.3804
A15: 4.864395 | B15: 5.769418 | C15: 4.9251365 | D15: 5.8304943 | E15: =(A15*0.6*$H$3 + B15*0.34*$H$3) + (A15*0.6*$H$4 + B15*0.34*$H$4) -> 6394.4309
A16: 4.627957 | B16: 5.522005 | C16: 4.6861047 | D16: 5.5805299 | E16: =(A16*0.6*$H$3 + B16*0.34*$H$3) + (A16*0.6*$H$4 + B16*0.34*$H$4) -> 6098.3319
... A42: 1.377114 | B42: 1.931096 | C42: 1.397268 | D42: 1.952181 | E42: =(A42*0.6*$H$3 + B42*0.34*$H$3) + (A42*0.6*$H$4 + B42*0.34*$H$4) -> 1942.9221

Sheet Kabianga
A1: Tea | B1: Napier | C1: Aggregate (tCO2e/yr)
G2: Area (ha)
A3: 53.06251 | B3: 43.433012 | C3: =A3*0.57*$G$3 + B3*0.3*$G$3 -> 664625.65 | G3: 15358
A4: 27.865423 | B4: 22.781243 | C4: =A4*0.57*$G$3 + B4*0.3*$G$3 -> 348897.88
A5: 17.471072 | B5: 14.240628 | C5: =A5*0.57*$G$3 + B5*0.3*$G$3 -> 218555.08
A6: 11.904453 | B6: 9.6513832 | C6: =A6*0.57*$G$3 + B6*0.3*$G$3 -> 148680.07
A7: 8.8387962 | B7: 7.111555 | C7: =A7*0.57*$G$3 + B7*0.3*$G$3 -> 110141.13
A8: 7.0849088 | B8: 5.6486998 | C8: =A8*0.57*$G$3 + B8*0.3*$G$3 -> 88047.536
A9: 6.0264281 | B9: 4.7584755 | C9: =A9*0.57*$G$3 + B9*0.3*$G$3 -> 74679.913
A10: 5.3411417 | B10: 4.1769849 | C10: =A10*0.57*$G$3 + B10*0.3*$G$3 -> 66001.715
A11: 4.8596376 | B11: 3.765291 | C11: =A11*0.57*$G$3 + B11*0.3*$G$3 -> 59889.761
A12: 4.4924167 | B12: 3.4498474 | C12: =A12*0.57*$G$3 + B12*0.3*$G$3 -> 55221.712
A13: 4.191943 | B13: 3.1914704 | C13: =A13*0.57*$G$3 + B13*0.3*$G$3 -> 51400.901
A14: 3.9327759 | B14: 2.9690868 | C14: =A14*0.57*$G$3 + B14*0.3*$G$3 -> 48107.527
A15: 3.7011348 | B15: 2.7711931 | C15: =A15*0.57*$G$3 + B15*0.3*$G$3 -> 45167.951
... A42: 0.81534407 | B42: 0.4880852 | C42: =A42*0.57*$G$3 + B42*0.3*$G$3 -> 9386.3746

Sheet Kipsigis
A1: Tea | B1: Aggregate (tCO2e/yr)
F2: Area (ha)
A3: 51.074503 | B3: =A3*0.8645*$F$3 -> 427321.52 | F3: 9678
A4: 26.814707 | B4: =A4*0.8645*$F$3 -> 224348.76
A5: 16.801834 | B5: =A5*0.8645*$F$3 -> 140574.74
A6: 11.435741 | B6: =A6*0.8645*$F$3 -> 95678.623
A7: 8.4774412 | B7: =A7*0.8645*$F$3 -> 70927.622
A8: 6.7825215 | B8: =A8*0.8645*$F$3 -> 56746.855
A9: 5.7577549 | B9: =A9*0.8645*$F$3 -> 48173.011
A10: 5.0929671 | B10: =A10*0.8645*$F$3 -> 42610.976
A11: 4.6250327 | B11: =A11*0.8645*$F$3 -> 38695.942
A12: 4.2677404 | B12: =A12*0.8645*$F$3 -> 35706.609
A13: 3.9752729 | B13: =A13*0.8645*$F$3 -> 33259.641
A14: 3.723086 | B14: =A14*0.8645*$F$3 -> 31149.687
A15: 3.4978646 | B15: =A15*0.8645*$F$3 -> 29265.343
... A42: 0.73589793 | B42: =A42*0.8645*$F$3 -> 6156.9865
