Workbook

Sheet Net_Summary
A2: Year | B2: Net Removals | C2: Net Reductions | E2: Total ERRs
A3: 2026 | B3: {=Summary_Removals!H6:H45} -> 716455.06 | C3: =Summary_Reductions!H8 -> 442.435 | E3: =SUM(B3:C3) -> 716897.5
A4: 2027 | B4: 383805.77 | C4: =Summary_Reductions!H9 -> 442.435 | E4: =SUM(B4:C4) -> 384248.2
A5: 2028 | B5: 246234.26 | C5: =Summary_Reductions!H10 -> 442.435 | E5: =SUM(B5:C5) -> 246676.7
A6: 2029 | B6: 172243.15 | C6: =Summary_Reductions!H11 -> 442.435 | E6: =SUM(B6:C6) -> 172685.58
A7: 2030 | B7: 131219.23 | C7: =Summary_Reductions!H12 -> 442.435 | E7: =SUM(B7:C7) -> 131661.67
A8: 2031 | B8: 107509.49 | C8: =Summary_Reductions!H13 -> 442.435 | E8: =SUM(B8:C8) -> 107951.92
A9: 2032 | B9: 92995.858 | C9: =Summary_Reductions!H14 -> 442.435 | E9: =SUM(B9:C9) -> 93438.293
A10: 2033 | B10: 83431.293 | C10: =Summary_Reductions!H15 -> 442.435 | E10: =SUM(B10:C10) -> 83873.728
A11: 2034 | B11: 76580.792 | C11: =Summary_Reductions!H16 -> 442.435 | E11: =SUM(B11:C11) -> 77023.227
A12: 2035 | B12: 71262.304 | C12: =Summary_Reductions!H17 -> 442.435 | E12: =SUM(B12:C12) -> 71704.739
A13: 2036 | B13: 66847.083 | C13: =Summary_Reductions!H18 -> 442.435 | E13: =SUM(B13:C13) -> 67289.518
A14: 2037 | B14: 62997.935 | C14: =Summary_Reductions!H19 -> 442.435 | E14: =SUM(B14:C14) -> 63440.37
A15: 2038 | B15: 59531.643 | C15: =Summary_Reductions!H20 -> 442.435 | E15: =SUM(B15:C15) -> 59974.078
... A42: 2065 | B42: 14958.808 | C42: =Summary_Reductions!H47 -> 442.435 | E42: =SUM(B42:C42) -> 15401.243
E44: =SUM(E3:E42) -> 3128155

Sheet Summary_Removals
A3: Conservative Buffer: 50% (20% buffer + 20% model uncertainty-deduction + 10% other updates)
A5: Year | B5: Eor | C5: Lanyuak | D5: Mumberes | E5: Kabianga | F5: Kipsigis | H5: Net Total Project ERs (QA1)
A6: 2026 | B6: =Eor!C3 * 0.5 -> 96001.231 | C6: =Lanyuak!E3 * 0.5 -> 91463.318 | D6: =Mumberes!E3*0.5 -> 37369.637 | E6: =Kabianga!C3*0.5 -> 298889.66 | F6: =Kipsigis!B3*0.5 -> 192731.21 | H6: =SUM(B6:F6) -> 716455.06
A7: 2027 | B7: =Eor!C4 * 0.5 -> 54401.501 | C7: =Lanyuak!E4 * 0.5 -> 51830.235 | D7: =Mumberes!E4*0.5 -> 19646.167 | E7: =Kabianga!C4*0.5 -> 156805.47 | F7: =Kipsigis!B4*0.5 -> 101122.39 | H7: =SUM(B7:F7) -> 383805.77
A8: 2028 | B8: =Eor!C5 * 0.5 -> 37150.771 | C8: =Lanyuak!E5 * 0.5 -> 35395.247 | D8: =Mumberes!E5*0.5 -> 12350.924 | E8: =Kabianga!C5*0.5 -> 98073.813 | F8: =Kipsigis!B5*0.5 -> 63263.51 | H8: =SUM(B8:F8) -> 246234.26
A9: 2029 | B9: =Eor!C6 * 0.5 -> 27813.545 | C9: =Lanyuak!E6 * 0.5 -> 26499.71 | D9: =Mumberes!E6*0.5 -> 8456.0585 | E9: =Kabianga!C6*0.5 -> 66534.801 | F9: =Kipsigis!B6*0.5 -> 42939.032 | H9: =SUM(B9:F9) -> 172243.15
A10: 2030 | B10: =Eor!C7 * 0.5 -> 22581.069 | C10: =Lanyuak!E7 * 0.5 -> 21514.882 | D10: =Mumberes!E7*0.5 -> 6321.0477 | E10: =Kabianga!C7*0.5 -> 49096.397 | F10: =Kipsigis!B7*0.5 -> 31705.836 | H10: =SUM(B10:F10) -> 131219.23
A11: 2031 | B11: =Eor!C8 * 0.5 -> 19504.741 | C11: =Lanyuak!E8 * 0.5 -> 18584.262 | D11: =Mumberes!E8*0.5 -> 5107.6736 | E11: =Kabianga!C8*0.5 -> 39065.274 | F11: =Kipsigis!B8*0.5 -> 25247.539 | H11: =SUM(B11:F11) -> 107509.49
A12: 2032 | B12: =Eor!C9 * 0.5 -> 17573.345 | C12: =Lanyuak!E9 * 0.5 -> 16744.429 | D12: =Mumberes!E9*0.5 -> 4381.7004 | E12: =Kabianga!C9*0.5 -> 32970.452 | F12: =Kipsigis!B9*0.5 -> 21325.931 | H12: =SUM(B12:F12) -> 92995.858
A13: 2033 | B13: =Eor!C10 * 0.5 -> 16257.625 | C13: =Lanyuak!E10 * 0.5 -> 15491.147 | D13: =Mumberes!E10*0.5 -> 3916.288 | E13: =Kabianga!C10*0.5 -> 28996.049 | F13: =Kipsigis!B10*0.5 -> 18770.185 | H13: =SUM(B13:F13) -> 83431.293
A14: 2034 | B14: =Eor!C11 * 0.5 -> 15279.056 | C14: =Lanyuak!E11 * 0.5 -> 14559.056 | D14: =Mumberes!E11*0.5 -> 3592.2914 | E14: =Kabianga!C11*0.5 -> 26186.27 | F14: =Kipsigis!B11*0.5 -> 16964.119 | H14: =SUM(B14:F14) -> 76580.792
A15: 2035 | B15: =Eor!C12 * 0.5 -> 14490.431 | C15: =Lanyuak!E12 * 0.5 -> 13807.909 | D15: =Mumberes!E12*0.5 -> 3346.8626 | E15: =Kabianga!C12*0.5 -> 24035.351 | F15: =Kipsigis!B12*0.5 -> 15581.75 | H15: =SUM(B15:F15) -> 71262.304
A16: 2036 | B16: =Eor!C13 * 0.5 -> 13813.593 | C16: =Lanyuak!E13 * 0.5 -> 13163.247 | D16: =Mumberes!E13*0.5 -> 3146.6986 | E16: =Kabianga!C13*0.5 -> 22273.988 | F16: =Kipsigis!B13*0.5 -> 14449.557 | H16: =SUM(B16:F16) -> 66847.083
A17: 2037 | B17: =Eor!C14 * 0.5 -> 13206.781 | C17: =Lanyuak!E14 * 0.5 -> 12585.282 | D17: =Mumberes!E14*0.5 -> 2974.0415 | E17: =Kabianga!C14*0.5 -> 20757.476 | F17: =Kipsigis!B14*0.5 -> 13474.354 | H17: =SUM(B17:F17) -> 62997.935
... A45: 2065 | B45: =Eor!C42 * 0.5 -> 4217.0328 | C45: =Lanyuak!E42 * 0.5 -> 4021.066 | D45: =Mumberes!E42*0.5 -> 760.73951 | E45: =Kabianga!C42*0.5 -> 3597.0357 | F45: =Kipsigis!B42*0.5 -> 2362.9339 | H45: =SUM(B45:F45) -> 14958.808
G47: Total | H47: =SUM(H6:H45) -> 3110457.6
G48: Avg/yr | H48: =H47/40 -> 77761.441
G50: 10yr avg | H50: =AVERAGE(H6:H15) -> 208173.72

Sheet Summary_Reductions
A2: Area (ha) | B2: 4387 | C2: 4636 | D2: 1310 | E2: 15358 | F2: 9678
A3: Ers (tCO2e/ha/yr) | B3: 0.03 | C3: 0.1 | D3: 0.03 | E3: 0.01 | F3: 0.01
A5: Conservative Buffer: 50% (20% buffer + 20% model uncertainty-deduction + 10% other updates)
A7: Year | B7: Eor | C7: Lanyuak | D7: Mumberes | E7: Kabianga | F7: Kipsigis | H7: Net Total Project ERs (QA3)
A8: 2026 | B8: =B$3*B$2 -> 131.61 | C8: =C$3*C$2 -> 463.6 | D8: =D$3*D$2 -> 39.3 | E8: =E$3*E$2 -> 153.58 | F8: =F$3*F$2 -> 96.78 | H8: =SUM(B8:F8) * 0.5 -> 442.435
A9: 2027 | B9: =B$3*B$2 -> 131.61 | C9: =C$3*C$2 -> 463.6 | D9: =D$3*D$2 -> 39.3 | E9: =E$3*E$2 -> 153.58 | F9: =F$3*F$2 -> 96.78 | H9: =SUM(B9:F9) * 0.5 -> 442.435
A10: 2028 | B10: =B$3*B$2 -> 131.61 | C10: =C$3*C$2 -> 463.6 | D10: =D$3*D$2 -> 39.3 | E10: =E$3*E$2 -> 153.58 | F10: =F$3*F$2 -> 96.78 | H10: =SUM(B10:F10) * 0.5 -> 442.435
A11: 2029 | B11: =B$3*B$2 -> 131.61 | C11: =C$3*C$2 -> 463.6 | D11: =D$3*D$2 -> 39.3 | E11: =E$3*E$2 -> 153.58 | F11: =F$3*F$2 -> 96.78 | H11: =SUM(B11:F11) * 0.5 -> 442.435
A12: 2030 | B12: =B$3*B$2 -> 131.61 | C12: =C$3*C$2 -> 463.6 | D12: =D$3*D$2 -> 39.3 | E12: =E$3*E$2 -> 153.58 | F12: =F$3*F$2 -> 96.78 | H12: =SUM(B12:F12) * 0.5 -> 442.435
A13: 2031 | B13: =B$3*B$2 -> 131.61 | C13: =C$3*C$2 -> 463.6 | D13: =D$3*D$2 -> 39.3 | E13: =E$3*E$2 -> 153.58 | F13: =F$3*F$2 -> 96.78 | H13: =SUM(B13:F13) * 0.5 -> 442.435
A14: 2032 | B14: =B$3*B$2 -> 131.61 | C14: =C$3*C$2 -> 463.6 | D14: =D$3*D$2 -> 39.3 | E14: =E$3*E$2 -> 153.58 | F14: =F$3*F$2 -> 96.78 | H14: =SUM(B14:F14) * 0.5 -> 442.435
A15: 2033 | B15: =B$3*B$2 -> 131.61 | C15: =C$3*C$2 -> 463.6 | D15: =D$3*D$2 -> 39.3 | E15: =E$3*E$2 -> 153.58 | F15: =F$3*F$2 -> 96.78 | H15: =SUM(B15:F15) * 0.5 -> 442.435
A16: 2034 | B16: =B$3*B$2 -> 131.61 | C16: =C$3*C$2 -> 463.6 | D16: =D$3*D$2 -> 39.3 | E16: =E$3*E$2 -> 153.58 | F16: =F$3*F$2 -> 96.78 | H16: =SUM(B16:F16) * 0.5 -> 442.435
A17: 2035 | B17: =B$3*B$2 -> 131.61 | C17: =C$3*C$2 -> 463.6 | D17: =D$3*D$2 -> 39.3 | E17: =E$3*E$2 -> 153.58 | F17: =F$3*F$2 -> 96.78 | H17: =SUM(B17:F17) * 0.5 -> 442.435
A18: 2036 | B18: =B$3*B$2 -> 131.61 | C18: =C$3*C$2 -> 463.6 | D18: =D$3*D$2 -> 39.3 | E18: =E$3*E$2 -> 153.58 | F18: =F$3*F$2 -> 96.78 | H18: =SUM(B18:F18) * 0.5 -> 442.435
A19: 2037 | B19: =B$3*B$2 -> 131.61 | C19: =C$3*C$2 -> 463.6 | D19: =D$3*D$2 -> 39.3 | E19: =E$3*E$2 -> 153.58 | F19: =F$3*F$2 -> 96.78 | H19: =SUM(B19:F19) * 0.5 -> 442.435
... A47: 2065 | B47: =B$3*B$2 -> 131.61 | C47: =C$3*C$2 -> 463.6 | D47: =D$3*D$2 -> 39.3 | E47: =E$3*E$2 -> 153.58 | F47: =F$3*F$2 -> 96.78 | H47: =SUM(B47:F47) * 0.5 -> 442.435

Sheet Additional_Coop_Projections
A1: Year | B1: Net Total Project ERs (QA1) | L1: ER/yr
A2: Total Coops --> | B2: 5 | C2: 10 | D2: 15 | E2: 20 | F2: 25 | G2: 30 | H2: 35 | I2: 40 | J2: 45 | K2: 50
A3: 2026 | B3: =Summary_Removals!$H6 -> 716455.06 | L3: =SUM(B3:K3) -> 716455.06
A4: 2027 | B4: =Summary_Removals!$H7 -> 383805.77 | C4: =Summary_Removals!$H6 -> 716455.06 | L4: =SUM(B4:K4) -> 1100260.8
A5: 2028 | B5: =Summary_Removals!$H8 -> 246234.26 | C5: =Summary_Removals!$H7 -> 383805.77 | D5: =Summary_Removals!$H6 -> 716455.06 | L5: =SUM(B5:K5) -> 1346495.1
A6: 2029 | B6: =Summary_Removals!$H9 -> 172243.15 | C6: =Summary_Removals!$H8 -> 246234.26 | D6: =Summary_Removals!$H7 -> 383805.77 | E6: =Summary_Removals!$H6 -> 716455.06 | L6: =SUM(B6:K6) -> 1518738.2
A7: 2030 | B7: =Summary_Removals!$H10 -> 131219.23 | C7: =Summary_Removals!$H9 -> 172243.15 | D7: =Summary_Removals!$H8 -> 246234.26 | E7: =Summary_Removals!$H7 -> 383805.77 | F7: =Summary_Removals!$H6 -> 716455.06 | L7: =SUM(B7:K7) -> 1649957.5
A8: 2031 | B8: =Summary_Removals!$H11 -> 107509.49 | C8: =Summary_Removals!$H10 -> 131219.23 | D8: =Summary_Removals!$H9 -> 172243.15 | E8: =Summary_Removals!$H8 -> 246234.26 | F8: =Summary_Removals!$H7 -> 383805.77 | G8: =Summary_Removals!$H6 -> 716455.06 | L8: =SUM(B8:K8) -> 1757467
A9: 2032 | B9: =Summary_Removals!$H12 -> 92995.858 | C9: =Summary_Removals!$H11 -> 107509.49 | D9: =Summary_Removals!$H10 -> 131219.23 | E9: =Summary_Removals!$H9 -> 172243.15 | F9: =Summary_Removals!$H8 -> 246234.26 | G9: =Summary_Removals!$H7 -> 383805.77 | H9: =Summary_Removals!$H6 -> 716455.06 | L9: =SUM(B9:K9) -> 1850462.8
A10: 2033 | B10: =Summary_Removals!$H13 -> 83431.293 | C10: =Summary_Removals!$H12 -> 92995.858 | D10: =Summary_Removals!$H11 -> 107509.49 | E10: =Summary_Removals!$H10 -> 131219.23 | F10: =Summary_Removals!$H9 -> 172243.15 | G10: =Summary_Removals!$H8 -> 246234.26 | H10: =Summary_Removals!$H7 -> 383805.77 | I10: =Summary_Removals!$H6 -> 716455.06 | L10: =SUM(B10:K10) -> 1933894.1
A11: 2034 | B11: =Summary_Removals!$H14 -> 76580.792 | C11: =Summary_Removals!$H13 -> 83431.293 | D11: =Summary_Removals!$H12 -> 92995.858 | E11: =Summary_Removals!$H11 -> 107509.49 | F11: =Summary_Removals!$H10 -> 131219.23 | G11: =Summary_Removals!$H9 -> 172243.15 | H11: =Summary_Removals!$H8 -> 246234.26 | I11: =Summary_Removals!$H7 -> 383805.77 | J11: =Summary_Removals!$H6 -> 716455.06 | L11: =SUM(B11:K11) -> 2010474.9
A12: 2035 | B12: =Summary_Removals!$H15 -> 71262.304 | C12: =Summary_Removals!$H14 -> 76580.792 | D12: =Summary_Removals!$H13 -> 83431.293 | E12: =Summary_Removals!$H12 -> 92995.858 | F12: =Summary_Removals!$H11 -> 107509.49 | G12: =Summary_Removals!$H10 -> 131219.23 | H12: =Summary_Removals!$H9 -> 172243.15 | I12: =Summary_Removals!$H8 -> 246234.26 | J12: =Summary_Removals!$H7 -> 383805.77 | K12: =Summary_Removals!$H6 -> 716455.06 | L12: =SUM(B12:K12) -> 2081737.2
A13: 2036 | B13: =Summary_Removals!$H16 -> 66847.083 | C13: =Summary_Removals!$H15 -> 71262.304 | D13: =Summary_Removals!$H14 -> 76580.792 | E13: =Summary_Removals!$H13 -> 83431.293 | F13: =Summary_Removals!$H12 -> 92995.858 | G13: =Summary_Removals!$H11 -> 107509.49 | H13: =Summary_Removals!$H10 -> 131219.23 | I13: =Summary_Removals!$H9 -> 172243.15 | J13: =Summary_Removals!$H8 -> 246234.26 | K13: =Summary_Removals!$H7 -> 383805.77 | L13: =SUM(B13:K13) -> 1432129.2
A14: 2037 | B14: =Summary_Removals!$H17 -> 62997.935 | C14: =Summary_Removals!$H16 -> 66847.083 | D14: =Summary_Removals!$H15 -> 71262.304 | E14: =Summary_Removals!$H14 -> 76580.792 | F14: =Summary_Removals!$H13 -> 83431.293 | G14: =Summary_Removals!$H12 -> 92995.858 | H14: =Summary_Removals!$H11 -> 107509.49 | I14: =Summary_Removals!$H10 -> 131219.23 | J14: =Summary_Removals!$H9 -> 172243.15 | K14: =Summary_Removals!$H8 -> 246234.26 | L14: =SUM(B14:K14) -> 1111321.4
A15: 2038 | B15: =Summary_Removals!$H18 -> 59531.643 | C15: =Summary_Removals!$H17 -> 62997.935 | D15: =Summary_Removals!$H16 -> 66847.083 | E15: =Summary_Removals!$H15 -> 71262.304 | F15: =Summary_Removals!$H14 -> 76580.792 | G15: =Summary_Removals!$H13 -> 83431.293 | H15: =Summary_Removals!$H12 -> 92995.858 | I15: =Summary_Removals!$H11 -> 107509.49 | J15: =Summary_Removals!$H10 -> 131219.23 | K15: =Summary_Removals!$H9 -> 172243.15 | L15: =SUM(B15:K15) -> 924618.78
A16: 2039 | B16: =Summary_Removals!$H19 -> 56346.526 | C16: =Summary_Removals!$H18 -> 59531.643 | D16: =Summary_Removals!$H17 -> 62997.935 | E16: =Summary_Removals!$H16 -> 66847.083 | F16: =Summary_Removals!$H15 -> 71262.304 | G16: =Summary_Removals!$H14 -> 76580.792 | H16: =Summary_Removals!$H13 -> 83431.293 | I16: =Summary_Removals!$H12 -> 92995.858 | J16: =Summary_Removals!$H11 -> 107509.49 | K16: =Summary_Removals!$H10 -> 131219.23 | L16: =SUM(B16:K16) -> 808722.16
A17: 2040 | B17: =Summary_Removals!$H20 -> 53384.232 | C17: =Summary_Removals!$H19 -> 56346.526 | D17: =Summary_Removals!$H18 -> 59531.643 | E17: =Summary_Removals!$H17 -> 62997.935 | F17: =Summary_Removals!$H16 -> 66847.083 | G17: =Summary_Removals!$H15 -> 71262.304 | H17: =Summary_Removals!$H14 -> 76580.792 | I17: =Summary_Removals!$H13 -> 83431.293 | J17: =Summary_Removals!$H12 -> 92995.858 | K17: =Summary_Removals!$H11 -> 107509.49 | L17: =SUM(B17:K17) -> 730887.16
A18: 2041 | B18: =Summary_Removals!$H21 -> 50609.58 | C18: =Summary_Removals!$H20 -> 53384.232 | D18: =Summary_Removals!$H19 -> 56346.526 | E18: =Summary_Removals!$H18 -> 59531.643 | F18: =Summary_Removals!$H17 -> 62997.935 | G18: =Summary_Removals!$H16 -> 66847.083 | H18: =Summary_Removals!$H15 -> 71262.304 | I18: =Summary_Removals!$H14 -> 76580.792 | J18: =Summary_Removals!$H13 -> 83431.293 | K18: =Summary_Removals!$H12 -> 92995.858 | L18: =SUM(B18:K18) -> 673987.25
A19: 2042 | B19: =Summary_Removals!$H22 -> 47999.892 | C19: =Summary_Removals!$H21 -> 50609.58 | D19: =Summary_Removals!$H20 -> 53384.232 | E19: =Summary_Removals!$H19 -> 56346.526 | F19: =Summary_Removals!$H18 -> 59531.643 | G19: =Summary_Removals!$H17 -> 62997.935 | H19: =Summary_Removals!$H16 -> 66847.083 | I19: =Summary_Removals!$H15 -> 71262.304 | J19: =Summary_Removals!$H14 -> 76580.792 | K19: =Summary_Removals!$H13 -> 83431.293 | L19: =SUM(B19:K19) -> 628991.28
A20: 2043 | B20: =Summary_Removals!$H23 -> 45539.355 | C20: =Summary_Removals!$H22 -> 47999.892 | D20: =Summary_Removals!$H21 -> 50609.58 | E20: =Summary_Removals!$H20 -> 53384.232 | F20: =Summary_Removals!$H19 -> 56346.526 | G20: =Summary_Removals!$H18 -> 59531.643 | H20: =Summary_Removals!$H17 -> 62997.935 | I20: =Summary_Removals!$H16 -> 66847.083 | J20: =Summary_Removals!$H15 -> 71262.304 | K20: =Summary_Removals!$H14 -> 76580.792 | L20: =SUM(B20:K20) -> 591099.34
A21: 2044 | B21: =Summary_Removals!$H24 -> 43216.022 | C21: =Summary_Removals!$H23 -> 45539.355 | D21: =Summary_Removals!$H22 -> 47999.892 | E21: =Summary_Removals!$H21 -> 50609.58 | F21: =Summary_Removals!$H20 -> 53384.232 | G21: =Summary_Removals!$H19 -> 56346.526 | H21: =Summary_Removals!$H18 -> 59531.643 | I21: =Summary_Removals!$H17 -> 62997.935 | J21: =Summary_Removals!$H16 -> 66847.083 | K21: =Summary_Removals!$H15 -> 71262.304 | L21: =SUM(B21:K21) -> 557734.57
A22: 2045 | B22: =Summary_Removals!$H25 -> 41020.211 | C22: =Summary_Removals!$H24 -> 43216.022 | D22: =Summary_Removals!$H23 -> 45539.355 | E22: =Summary_Removals!$H22 -> 47999.892 | F22: =Summary_Removals!$H21 -> 50609.58 | G22: =Summary_Removals!$H20 -> 53384.232 | H22: =Summary_Removals!$H19 -> 56346.526 | I22: =Summary_Removals!$H18 -> 59531.643 | J22: =Summary_Removals!$H17 -> 62997.935 | K22: =Summary_Removals!$H16 -> 66847.083 | L22: =SUM(B22:K22) -> 527492.48
A23: 2046 | B23: =Summary_Removals!$H26 -> 38943.651 | C23: =Summary_Removals!$H25 -> 41020.211 | D23: =Summary_Removals!$H24 -> 43216.022 | E23: =Summary_Removals!$H23 -> 45539.355 | F23: =Summary_Removals!$H22 -> 47999.892 | G23: =Summary_Removals!$H21 -> 50609.58 | H23: =Summary_Removals!$H20 -> 53384.232 | I23: =Summary_Removals!$H19 -> 56346.526 | J23: =Summary_Removals!$H18 -> 59531.643 | K23: =Summary_Removals!$H17 -> 62997.935 | L23: =SUM(B23:K23) -> 499589.05
... A42: 2065 | B42: =Summary_Removals!$H45 -> 14958.808 | C42: =Summary_Removals!$H44 -> 15711.064 | D42: =Summary_Removals!$H43 -> 16503.36 | E42: =Summary_Removals!$H42 -> 17337.958 | F42: =Summary_Removals!$H41 -> 18217.258 | G42: =Summary_Removals!$H40 -> 19143.803 | H42: =Summary_Removals!$H39 -> 20120.292 | I42: =Summary_Removals!$H38 -> 21149.588 | J42: =Summary_Removals!$H37 -> 22234.732 | K42: =Summary_Removals!$H36 -> 23378.95 | L42: =SUM(B42:K42) -> 188755.81
B43: =Summary_Removals!$H46 -> 0
K44: Total (40y) | L44: =SUM(B3:K42) -> 30332151
K45: Avg/yr (40y) | L45: =L44/40 -> 758303.78
K47: Total (1st 10y) | L47: =SUM(L3:L12) -> 15965943
K48: Avg/yr (1st 10y) | L48: =L47/10 -> 1596594.3

Sheet Eor
A1: Maize | B1: Potato | C1: Aggregate (tCO2e/yr)
G2: Area (ha)
A3: 42.259359 | B3: 44.770815 | C3: =A3*0.4*$G$3 + B3*0.6*$G$3 -> 192002.46 | G3: 4387
A4: 23.944522 | B4: 25.372371 | C4: =A4*0.4*$G$3 + B4*0.6*$G$3 -> 108803
A5: 16.347399 | B5: 17.329658 | C5: =A5*0.4*$G$3 + B5*0.6*$G$3 -> 74301.542
A6: 12.233628 | B6: 12.977555 | C6: =A6*0.4*$G$3 + B6*0.6*$G$3 -> 55627.09
A7: 9.9268722 | B7: 10.539649 | C7: =A7*0.4*$G$3 + B7*0.6*$G$3 -> 45162.138
A8: 8.5694689 | B8: 9.1071266 | C8: =A8*0.4*$G$3 + B8*0.6*$G$3 -> 39009.483
A9: 7.7163148 | B9: 8.2083812 | C9: =A9*0.4*$G$3 + B9*0.6*$G$3 -> 35146.69
A10: 7.1344322 | B10: 7.5965918 | C10: =A10*0.4*$G$3 + B10*0.6*$G$3 -> 32515.251
A11: 6.701202 | B11: 7.1418748 | C11: =A11*0.4*$G$3 + B11*0.6*$G$3 -> 30558.112
A12: 6.3518083 | B12: 6.7755902 | C12: =A12*0.4*$G$3 + B12*0.6*$G$3 -> 28980.862
A13: 6.051831 | B13: 6.4612996 | C13: =A13*0.4*$G$3 + B13*0.6*$G$3 -> 27627.186
A14: 5.7828726 | B14: 6.1795372 | C14: =A14*0.4*$G$3 + B14*0.6*$G$3 -> 26413.563
A15: 5.534997 | B15: 5.9197987 | C15: =A15*0.4*$G$3 + B15*0.6*$G$3 -> 25294.907
... A42: 1.81775 | B42: 1.9923554 | C42: =A42*0.4*$G$3 + B42*0.6*$G$3 -> 8434.0657

Sheet Lanyuak
A1: Maize | B1: Wheat | C1: Barley | D1: Potato | E1: Aggregate (tCO2e/yr)
G2: Area (ha)
A3: 44.704807 | B3: 44.791531 | C3: 44.791531 | D3: 42.698597 | E3: =A3*0.2*$G$3 + B3*0.15*$G$3 + C3*0.15*$G$3 + D3*0.4*$G$3 -> 182926.64 | G3: 4636
A4: 25.334836 | B4: 25.384151 | C4: 25.384151 | D4: 24.194205 | E4: =A4*0.2*$G$3 + B4*0.15*$G$3 + C4*0.15*$G$3 + D4*0.4*$G$3 -> 103660.47
A5: 17.303826 | B5: 17.337765 | C5: 17.337765 | D5: 16.519102 | E5: =A5*0.2*$G$3 + B5*0.15*$G$3 + C5*0.15*$G$3 + D5*0.4*$G$3 -> 70790.495
A6: 12.957977 | B6: 12.983699 | C6: 12.983699 | D6: 12.363597 | E6: =A6*0.2*$G$3 + B6*0.15*$G$3 + C6*0.15*$G$3 + D6*0.4*$G$3 -> 52999.42
A7: 10.52351 | B7: 10.544714 | C7: 10.544714 | D7: 10.033854 | E7: =A7*0.2*$G$3 + B7*0.15*$G$3 + C7*0.15*$G$3 + D7*0.4*$G$3 -> 43029.765
A8: 9.0929534 | B8: 9.1115752 | C8: 9.1115752 | D8: 8.6632651 | E8: =A8*0.2*$G$3 + B8*0.15*$G$3 + C8*0.15*$G$3 + D8*0.4*$G$3 -> 37168.524
A9: 8.1953983 | B9: 8.2124563 | C9: 8.2124563 | D9: 7.8020928 | E9: =A9*0.2*$G$3 + B9*0.15*$G$3 + C9*0.15*$G$3 + D9*0.4*$G$3 -> 33488.858
A10: 7.5843876 | B10: 7.6004226 | C10: 7.6004226 | D10: 7.2149383 | E10: =A10*0.2*$G$3 + B10*0.15*$G$3 + C10*0.15*$G$3 + D10*0.4*$G$3 -> 30982.294
A11: 7.1302285 | B11: 7.1455306 | C11: 7.1455306 | D11: 6.7779116 | E11: =A11*0.2*$G$3 + B11*0.15*$G$3 + C11*0.15*$G$3 + D11*0.4*$G$3 -> 29118.111
A12: 6.7643815 | B12: 6.7791088 | C12: 6.7791088 | D12: 6.4255281 | E12: =A12*0.2*$G$3 + B12*0.15*$G$3 + C12*0.15*$G$3 + D12*0.4*$G$3 -> 27615.818
A13: 6.4504611 | B13: 6.4647021 | C13: 6.4647021 | D13: 6.1230144 | E13: =A13*0.2*$G$3 + B13*0.15*$G$3 + C13*0.15*$G$3 + D13*0.4*$G$3 -> 26326.493
A14: 6.1690297 | B14: 6.1828357 | C14: 6.1828357 | D14: 5.851786 | E14: =A14*0.2*$G$3 + B14*0.15*$G$3 + C14*0.15*$G$3 + D14*0.4*$G$3 -> 25170.564
A15: 5.909598 | B15: 5.9230011 | C15: 5.9230011 | D15: 5.6018073 | E15: =A15*0.2*$G$3 + B15*0.15*$G$3 + C15*0.15*$G$3 + D15*0.4*$G$3 -> 24105.081
... A42: 1.9876403 | B42: 1.9938367 | C42: 1.9938367 | D42: 1.8475863 | E42: =A42*0.2*$G$3 + B42*0.15*$G$3 + C42*0.15*$G$3 + D42*0.4*$G$3 -> 8042.1321

Sheet Mumberes
A1: Maize | B1: Potato | C1: Maize | D1: Potato | E1: Aggregate (tCO2e/yr)
A2: Nth Soil type | C2: Ntu Soil type | G2: Area (ha)
A3: 58.146656 | B3: 65.156266 | C3: 58.89562 | D3: 65.90478 | E3: =(A3*0.6*$H$3 + B3*0.34*$H$3) + (A3*0.6*$H$4 + B3*0.34*$H$4) -> 74739.274 | G3: Nth | H3: 333.77
A4: 30.55849 | B4: 34.273158 | C4: 30.95147 | D4: 34.66584 | E4: =(A4*0.6*$H$3 + B4*0.34*$H$3) + (A4*0.6*$H$4 + B4*0.34*$H$4) -> 39292.334 | G4: Ntu | H4: 976.5
A5: 19.194414 | B5: 21.575995 | C5: 19.44158 | D5: 21.82304 | E5: =(A5*0.6*$H$3 + B5*0.34*$H$3) + (A5*0.6*$H$4 + B5*0.34*$H$4) -> 24701.848 | G5: Total | H5: =SUM(H3:H4) -> 1310.27
A6: 13.120961 | B6: 14.808166 | C6: 13.29055 | D6: 14.97779 | E6: =(A6*0.6*$H$3 + B6*0.34*$H$3) + (A6*0.6*$H$4 + B6*0.34*$H$4) -> 16912.117
A7: 9.7864667 | B7: 11.107606 | C7: 9.913771 | D7: 11.23509 | E7: =(A7*0.6*$H$3 + B7*0.34*$H$3) + (A7*0.6*$H$4 + B7*0.34*$H$4) -> 12642.095
A8: 7.8870584 | B8: 9.0121559 | C8: 7.99053 | D8: 9.115931 | E8: =(A8*0.6*$H$3 + B8*0.34*$H$3) + (A8*0.6*$H$4 + B8*0.34*$H$4) -> 10215.347
A9: 6.7471666 | B9: 7.7645307 | C9: 6.836539 | D9: 7.854326 | E9: =(A9*0.6*$H$3 + B9*0.34*$H$3) + (A9*0.6*$H$4 + B9*0.34*$H$4) -> 8763.4008
A10: 6.0138032 | B10: 6.9692693 | C10: 6.094258 | D10: 7.050259 | E10: =(A10*0.6*$H$3 + B10*0.34*$H$3) + (A10*0.6*$H$4 + B10*0.34*$H$4) -> 7832.5759
A11: 5.5015077 | B11: 6.4187636 | C11: 5.575837 | D11: 6.493733 | E11: =(A11*0.6*$H$3 + B11*0.34*$H$3) + (A11*0.6*$H$4 + B11*0.34*$H$4) -> 7184.5829
A12: 5.1124055 | B12: 6.0035814 | C12: 5.182144 | D12: 6.07406 | E12: =(A12*0.6*$H$3 + B12*0.34*$H$3) + (A12*0.6*$H$4 + B12*0.34*$H$4) -> 6693.7253
A13: 4.7945968 | B13: 5.6657998 | C13: 4.860614 | D13: 5.73265 | E13: =(A13*0.6*$H$3 + B13*0.34*$H$3) + (A13*0.6*$H$4 + B13*0.34*$H$4) -> 6293.3971
A14: 4.5203764 | B14: 5.374588 | C14: 4.583188 | D14: 5.438321 | E14: =(A14*0.6*$H$3 + B14*0.34*$H$3) + (A14*0.6*$H$4 + B14*0.34*$H$4) -> 5948.0831
A15: 4.2747991 | B15: 5.1133916 | C15: 4.334733 | D15: 5.174329 | E15: =(A15*0.6*$H$3 + B15*0.34*$H$3) + (A15*0.6*$H$4 + B15*0.34*$H$4) -> 5638.6586
A16: 4.0496626 | B16: 4.8731932 | C16: 4.106943 | D16: 4.931556 | E16: =(A16*0.6*$H$3 + B16*0.34*$H$3) + (A16*0.6*$H$4 + B16*0.34*$H$4) -> 5354.6584
A17: 3.8403392 | B17: 4.6489644 | C17: 3.895134 | D17: 4.704915 | E17: =(A17*0.6*$H$3 + B17*0.34*$H$3) + (A17*0.6*$H$4 + B17*0.34*$H$4) -> 5090.2042
... A42: 1.0749474 | B42: 1.5183136 | C42: 1.093705 | D42: 1.538886 | E42: =(A42*0.6*$H$3 + B42*0.34*$H$3) + (A42*0.6*$H$4 + B42*0.34*$H$4) -> 1521.479

Sheet Kabianga
A1: Tea | B1: Napier | C1: Aggregate (tCO2e/yr)
G2: Area (ha)
A3: 48.059099 | B3: 38.431023 | C3: =A3*0.57*$G$3 + B3*0.3*$G$3 -> 597779.33 | G3: 15358
A4: 25.222 | B4: 20.144993 | C4: =A4*0.57*$G$3 + B4*0.3*$G$3 -> 313610.94
A5: 15.788987 | B5: 12.573227 | C5: =A5*0.57*$G$3 + B5*0.3*$G$3 -> 196147.63
A6: 10.728341 | B6: 8.4978647 | C6: =A6*0.57*$G$3 + B6*0.3*$G$3 -> 133069.6
A7: 7.9341295 | B7: 6.237129 | C7: =A7*0.57*$G$3 + B7*0.3*$G$3 -> 98192.794
A8: 6.3298225 | B8: 4.9309594 | C8: =A8*0.57*$G$3 + B8*0.3*$G$3 -> 78130.549
A9: 5.3572721 | B9: 4.1331386 | C9: =A9*0.57*$G$3 + B9*0.3*$G$3 -> 65940.905
A10: 4.7245623 | B10: 3.610061 | C10: =A10*0.57*$G$3 + B10*0.3*$G$3 -> 57992.097
A11: 4.2781073 | B11: 3.2386447 | C11: =A11*0.57*$G$3 + B11*0.3*$G$3 -> 52372.539
A12: 3.9366875 | B12: 2.9536622 | C12: =A12*0.57*$G$3 + B12*0.3*$G$3 -> 48070.702
A13: 3.6570982 | B13: 2.7203019 | C13: =A13*0.57*$G$3 + B13*0.3*$G$3 -> 44547.976
A14: 3.41616 | B14: 2.5197905 | C14: =A14*0.57*$G$3 + B14*0.3*$G$3 -> 41514.952
A15: 3.2012683 | B15: 2.341836 | C15: =A15*0.57*$G$3 + B15*0.3*$G$3 -> 38813.87
... A42: 0.62819969 | B42: 0.36783732 | C42: =A42*0.57*$G$3 + B42*0.3*$G$3 -> 7194.0714

Sheet Kipsigis
A1: Tea | B1: Aggregate (tCO2e/yr)
F2: Area (ha)
A3: 46.071402 | B3: =A3*0.8645*$F$3 -> 385462.42 | F3: 9678
A4: 24.172787 | B4: =A4*0.8645*$F$3 -> 202244.79
A5: 15.122816 | B5: =A5*0.8645*$F$3 -> 126527.02
A6: 10.264354 | B6: =A6*0.8645*$F$3 -> 85878.064
A7: 7.5791166 | B7: =A7*0.8645*$F$3 -> 63411.672
A8: 6.0352939 | B8: =A8*0.8645*$F$3 -> 50495.077
A9: 5.0978539 | B9: =A9*0.8645*$F$3 -> 42651.862
A10: 4.4869158 | B10: =A10*0.8645*$F$3 -> 37540.369
A11: 4.0551852 | B11: =A11*0.8645*$F$3 -> 33928.238
A12: 3.724737 | B12: =A12*0.8645*$F$3 -> 31163.5
A13: 3.4540921 | B13: =A13*0.8645*$F$3 -> 28899.114
A14: 3.2209748 | B14: =A14*0.8645*$F$3 -> 26948.708
A15: 3.0132523 | B15: =A15*0.8645*$F$3 -> 25210.77
... A42: 0.56484717 | B42: =A42*0.8645*$F$3 -> 4725.8679
