Workbook

Sheet Net_Summary
E1: ERRs before adoption rate | G1: ERRs after applying adoption rate | I1: Year in which farmers adopt practice
A2: Year | B2: Net Removals | C2: Net Reductions | G2: Adoption rate: 10% | I2: Yr 1 | J2: Yr 2 | K2: Yr 3 | L2: Yr 4 | M2: Yr 5 | N2: Yr 6 | O2: Yr 7 | P2: Yr 8 | Q2: Yr 9 | R2: Yr 10
A3: 2026 | B3: =Subtracting_Biochar_Removals!F11 -> 700399.51 | C3: =Summary_Reductions!H8 -> 483.48297 | E3: =SUM(B3:C3) -> 700882.99 | G3: =SUM(I3:R3) -> 70088.299 | I3: =0.1*E3 -> 70088.299
A4: 2027 | B4: =Subtracting_Biochar_Removals!F12 -> 374141.83 | C4: =Summary_Reductions!H9 -> 483.48297 | E4: =SUM(B4:C4) -> 374625.31 | G4: =SUM(I4:R4) -> 107550.83 | I4: =0.1*E4 -> 37462.531 | J4: =0.1*E3 -> 70088.299
A5: 2028 | B5: =Subtracting_Biochar_Removals!F13 -> 239302.68 | C5: =Summary_Reductions!H10 -> 483.48297 | E5: =SUM(B5:C5) -> 239786.16 | G5: =SUM(I5:R5) -> 131529.45 | I5: =0.1*E5 -> 23978.616 | J5: =0.1*E4 -> 37462.531 | K5: =0.1*E3 -> 70088.299
A6: 2029 | B6: =Subtracting_Biochar_Removals!F14 -> 166855.9 | C6: =Summary_Reductions!H11 -> 483.48297 | E6: =SUM(B6:C6) -> 167339.38 | G6: =SUM(I6:R6) -> 148263.38 | I6: =0.1*E6 -> 16733.938 | J6: =0.1*E5 -> 23978.616 | K6: =0.1*E4 -> 37462.531 | L6: =0.1*E3 -> 70088.299
A7: 2030 | B7: =Subtracting_Biochar_Removals!F15 -> 126752.02 | C7: =Summary_Reductions!H12 -> 483.48297 | E7: =SUM(B7:C7) -> 127235.5 | G7: =SUM(I7:R7) -> 160986.94 | I7: =0.1*E7 -> 12723.55 | J7: =0.1*E6 -> 16733.938 | K7: =0.1*E5 -> 23978.616 | L7: =0.1*E4 -> 37462.531 | M7: =0.1*E3 -> 70088.299
A8: 2031 | B8: =Subtracting_Biochar_Removals!F16 -> 103627.83 | C8: =Summary_Reductions!H13 -> 483.48297 | E8: =SUM(B8:C8) -> 104111.32 | G8: =SUM(I8:R8) -> 171398.07 | I8: =0.1*E8 -> 10411.132 | J8: =0.1*E7 -> 12723.55 | K8: =0.1*E6 -> 16733.938 | L8: =0.1*E5 -> 23978.616 | M8: =0.1*E4 -> 37462.531 | N8: =0.1*E3 -> 70088.299
A9: 2032 | B9: =Subtracting_Biochar_Removals!F17 -> 89516.819 | C9: =Summary_Reductions!H14 -> 483.48297 | E9: =SUM(B9:C9) -> 90000.302 | G9: =SUM(I9:R9) -> 180398.1 | I9: =0.1*E9 -> 9000.0302 | J9: =0.1*E8 -> 10411.132 | K9: =0.1*E7 -> 12723.55 | L9: =0.1*E6 -> 16733.938 | M9: =0.1*E5 -> 23978.616 | N9: =0.1*E4 -> 37462.531 | O9: =0.1*E3 -> 70088.299
A10: 2033 | B10: =Subtracting_Biochar_Removals!F18 -> 80252.064 | C10: =Summary_Reductions!H15 -> 483.48297 | E10: =SUM(B10:C10) -> 80735.547 | G10: =SUM(I10:R10) -> 188471.65 | I10: =0.1*E10 -> 8073.5547 | J10: =0.1*E9 -> 9000.0302 | K10: =0.1*E8 -> 10411.132 | L10: =0.1*E7 -> 12723.55 | M10: =0.1*E6 -> 16733.938 | N10: =0.1*E5 -> 23978.616 | O10: =0.1*E4 -> 37462.531 | P10: =0.1*E3 -> 70088.299
A11: 2034 | B11: =Subtracting_Biochar_Removals!F19 -> 73641.311 | C11: =Summary_Reductions!H16 -> 483.48297 | E11: =SUM(B11:C11) -> 74124.794 | G11: =SUM(I11:R11) -> 195884.13 | I11: =0.1*E11 -> 7412.4794 | J11: =0.1*E10 -> 8073.5547 | K11: =0.1*E9 -> 9000.0302 | L11: =0.1*E8 -> 10411.132 | M11: =0.1*E7 -> 12723.55 | N11: =0.1*E6 -> 16733.938 | O11: =0.1*E5 -> 23978.616 | P11: =0.1*E4 -> 37462.531 | Q11: =0.1*E3 -> 70088.299
A12: 2035 | B12: =Subtracting_Biochar_Removals!F20 -> 68525.526 | C12: =Summary_Reductions!H17 -> 483.48297 | E12: =SUM(B12:C12) -> 69009.009 | G12: =SUM(I12:R12) -> 202785.03 | I12: =0.1*E12 -> 6900.9009 | J12: =0.1*E11 -> 7412.4794 | K12: =0.1*E10 -> 8073.5547 | L12: =0.1*E9 -> 9000.0302 | M12: =0.1*E8 -> 10411.132 | N12: =0.1*E7 -> 12723.55 | O12: =0.1*E6 -> 16733.938 | P12: =0.1*E5 -> 23978.616 | Q12: =0.1*E4 -> 37462.531 | R12: =0.1*E3 -> 70088.299
A13: 2036 | B13: =Subtracting_Biochar_Removals!F21 -> 64288.519 | C13: =Summary_Reductions!H18 -> 483.48297 | E13: =SUM(B13:C13) -> 64772.002 | G13: =SUM(I13:R13) -> 139173.93 | I13: =0.1*E13 -> 6477.2002 | J13: =0.1*E12 -> 6900.9009 | K13: =0.1*E11 -> 7412.4794 | L13: =0.1*E10 -> 8073.5547 | M13: =0.1*E9 -> 9000.0302 | N13: =0.1*E8 -> 10411.132 | O13: =0.1*E7 -> 12723.55 | P13: =0.1*E6 -> 16733.938 | Q13: =0.1*E5 -> 23978.616 | R13: =0.1*E4 -> 37462.531
A14: 2037 | B14: =Subtracting_Biochar_Removals!F22 -> 60600.079 | C14: =Summary_Reductions!H19 -> 483.48297 | E14: =SUM(B14:C14) -> 61083.562 | G14: =SUM(I14:R14) -> 107819.76 | I14: =0.1*E14 -> 6108.3562 | J14: =0.1*E13 -> 6477.2002 | K14: =0.1*E12 -> 6900.9009 | L14: =0.1*E11 -> 7412.4794 | M14: =0.1*E10 -> 8073.5547 | N14: =0.1*E9 -> 9000.0302 | O14: =0.1*E8 -> 10411.132 | P14: =0.1*E7 -> 12723.55 | Q14: =0.1*E6 -> 16733.938 | R14: =0.1*E5 -> 23978.616
A15: 2038 | B15: =Subtracting_Biochar_Removals!F23 -> 57280.994 | C15: =Summary_Reductions!H20 -> 483.48297 | E15: =SUM(B15:C15) -> 57764.477 | G15: =SUM(I15:R15) -> 89617.589 | I15: =0.1*E15 -> 5776.4477 | J15: =0.1*E14 -> 6108.3562 | K15: =0.1*E13 -> 6477.2002 | L15: =0.1*E12 -> 6900.9009 | M15: =0.1*E11 -> 7412.4794 | N15: =0.1*E10 -> 8073.5547 | O15: =0.1*E9 -> 9000.0302 | P15: =0.1*E8 -> 10411.132 | Q15: =0.1*E7 -> 12723.55 | R15: =0.1*E6 -> 16733.938
A16: 2039 | B16: =Subtracting_Biochar_Removals!F24 -> 54231.987 | C16: =Summary_Reductions!H21 -> 483.48297 | E16: =SUM(B16:C16) -> 54715.47 | G16: =SUM(I16:R16) -> 78355.198 | I16: =0.1*E16 -> 5471.547 | J16: =0.1*E15 -> 5776.4477 | K16: =0.1*E14 -> 6108.3562 | L16: =0.1*E13 -> 6477.2002 | M16: =0.1*E12 -> 6900.9009 | N16: =0.1*E11 -> 7412.4794 | O16: =0.1*E10 -> 8073.5547 | P16: =0.1*E9 -> 9000.0302 | Q16: =0.1*E8 -> 10411.132 | R16: =0.1*E7 -> 12723.55
A17: 2040 | B17: =Subtracting_Biochar_Removals!F25 -> 51396.243 | C17: =Summary_Reductions!H22 -> 483.48297 | E17: =SUM(B17:C17) -> 51879.725 | G17: =SUM(I17:R17) -> 70819.621 | I17: =0.1*E17 -> 5187.9725 | J17: =0.1*E16 -> 5471.547 | K17: =0.1*E15 -> 5776.4477 | L17: =0.1*E14 -> 6108.3562 | M17: =0.1*E13 -> 6477.2002 | N17: =0.1*E12 -> 6900.9009 | O17: =0.1*E11 -> 7412.4794 | P17: =0.1*E10 -> 8073.5547 | Q17: =0.1*E9 -> 9000.0302 | R17: =0.1*E8 -> 10411.132
A18: 2041 | B18: =Subtracting_Biochar_Removals!F26 -> 48739.631 | C18: =Summary_Reductions!H23 -> 483.48297 | E18: =SUM(B18:C18) -> 49223.114 | G18: =SUM(I18:R18) -> 65330.8 | I18: =0.1*E18 -> 4922.3114 | J18: =0.1*E17 -> 5187.9725 | K18: =0.1*E16 -> 5471.547 | L18: =0.1*E15 -> 5776.4477 | M18: =0.1*E14 -> 6108.3562 | N18: =0.1*E13 -> 6477.2002 | O18: =0.1*E12 -> 6900.9009 | P18: =0.1*E11 -> 7412.4794 | Q18: =0.1*E10 -> 8073.5547 | R18: =0.1*E9 -> 9000.0302
A19: 2042 | B19: =Subtracting_Biochar_Removals!F27 -> 46240.259 | C19: =Summary_Reductions!H24 -> 483.48297 | E19: =SUM(B19:C19) -> 46723.742 | G19: =SUM(I19:R19) -> 61003.144 | I19: =0.1*E19 -> 4672.3742 | J19: =0.1*E18 -> 4922.3114 | K19: =0.1*E17 -> 5187.9725 | L19: =0.1*E16 -> 5471.547 | M19: =0.1*E15 -> 5776.4477 | N19: =0.1*E14 -> 6108.3562 | O19: =0.1*E13 -> 6477.2002 | P19: =0.1*E12 -> 6900.9009 | Q19: =0.1*E11 -> 7412.4794 | R19: =0.1*E10 -> 8073.5547
A20: 2043 | B20: =Subtracting_Biochar_Removals!F28 -> 43882.94 | C20: =Summary_Reductions!H25 -> 483.48297 | E20: =SUM(B20:C20) -> 44366.423 | G20: =SUM(I20:R20) -> 57366.232 | I20: =0.1*E20 -> 4436.6423 | J20: =0.1*E19 -> 4672.3742 | K20: =0.1*E18 -> 4922.3114 | L20: =0.1*E17 -> 5187.9725 | M20: =0.1*E16 -> 5471.547 | N20: =0.1*E15 -> 5776.4477 | O20: =0.1*E14 -> 6108.3562 | P20: =0.1*E13 -> 6477.2002 | Q20: =0.1*E12 -> 6900.9009 | R20: =0.1*E11 -> 7412.4794
A21: 2044 | B21: =Subtracting_Biochar_Removals!F29 -> 41656.253 | C21: =Summary_Reductions!H26 -> 483.48297 | E21: =SUM(B21:C21) -> 42139.736 | G21: =SUM(I21:R21) -> 54167.726 | I21: =0.1*E21 -> 4213.9736 | J21: =0.1*E20 -> 4436.6423 | K21: =0.1*E19 -> 4672.3742 | L21: =0.1*E18 -> 4922.3114 | M21: =0.1*E17 -> 5187.9725 | N21: =0.1*E16 -> 5471.547 | O21: =0.1*E15 -> 5776.4477 | P21: =0.1*E14 -> 6108.3562 | Q21: =0.1*E13 -> 6477.2002 | R21: =0.1*E12 -> 6900.9009
A22: 2045 | B22: =Subtracting_Biochar_Removals!F30 -> 39550.979 | C22: =Summary_Reductions!H27 -> 483.48297 | E22: =SUM(B22:C22) -> 40034.462 | G22: =SUM(I22:R22) -> 51270.271 | I22: =0.1*E22 -> 4003.4462 | J22: =0.1*E21 -> 4213.9736 | K22: =0.1*E20 -> 4436.6423 | L22: =0.1*E19 -> 4672.3742 | M22: =0.1*E18 -> 4922.3114 | N22: =0.1*E17 -> 5187.9725 | O22: =0.1*E16 -> 5471.547 | P22: =0.1*E15 -> 5776.4477 | Q22: =0.1*E14 -> 6108.3562 | R22: =0.1*E13 -> 6477.2002
A23: 2046 | B23: =Subtracting_Biochar_Removals!F31 -> 37559.26 | C23: =Summary_Reductions!H28 -> 483.48297 | E23: =SUM(B23:C23) -> 38042.743 | G23: =SUM(I23:R23) -> 48597.345 | I23: =0.1*E23 -> 3804.2743 | J23: =0.1*E22 -> 4003.4462 | K23: =0.1*E21 -> 4213.9736 | L23: =0.1*E20 -> 4436.6423 | M23: =0.1*E19 -> 4672.3742 | N23: =0.1*E18 -> 4922.3114 | O23: =0.1*E17 -> 5187.9725 | P23: =0.1*E16 -> 5471.547 | Q23: =0.1*E15 -> 5776.4477 | R23: =0.1*E14 -> 6108.3562
... A42: 2065 | B42: =Subtracting_Biochar_Removals!F50 -> 14480.166 | C42: =Summary_Reductions!H47 -> 483.48297 | E42: =SUM(B42:C42) -> 14963.649 | G42: =SUM(I42:R42) -> 18742.974 | I42: =0.1*E42 -> 1496.3649 | J42: =0.1*E41 -> 1569.0206 | K42: =0.1*E40 -> 1645.5194 | L42: =0.1*E39 -> 1726.0766 | M42: =0.1*E38 -> 1810.9203 | N42: =0.1*E37 -> 1900.2927 | O42: =0.1*E36 -> 1994.4502 | P42: =0.1*E35 -> 2093.6649 | Q42: =0.1*E34 -> 2198.2255 | R42: =0.1*E33 -> 2308.4385
D44: Total ERs: | E44: =SUM(E3:E42) -> 3034491.2 | G44: =SUM(G3:G42) -> 2957572

Sheet Subtracting_Biochar_Removals
C1: Parameters | D1: Approximate estimations | E1: Calculation | F1: Reference | G1: Link
C2: Biochar C content | D2: 0.5 | E2: Estimate from literature | F2: Research reference | G2: https://www.mdpi.com/2311-5629/9/3/67
C3: Organic matter in HYGROW organic fertilizer | D3: 0.7 | E3: Estimate data from HYGROW | F3: HYGROW Technical Sheet | G3: https://github.com/mihirobendre/Agricentric_SOC_Modeling/blob/main/References/Biochar_Compost_ER_Adjustment/HYGROW%20%20%E2%80%93%20TECHNICAL%20SHEET.pdf
C4: Biochar w/in organic fertilizer | D4: =30%*D3 -> 0.21 | E4: 30% of fertilizer organic content | F4: HYGROW Technical Sheet | G4: https://github.com/mihirobendre/Agricentric_SOC_Modeling/blob/main/References/Biochar_Compost_ER_Adjustment/HYGROW%20%20%E2%80%93%20TECHNICAL%20SHEET.pdf
C5: Compost w/in organic fertilizer | D5: =70%*D3 -> 0.49 | E5: 70% of fertilizer organic content | F5: HYGROW Technical Sheet | G5: https://github.com/mihirobendre/Agricentric_SOC_Modeling/blob/main/References/Biochar_Compost_ER_Adjustment/HYGROW%20%20%E2%80%93%20TECHNICAL%20SHEET.pdf
C6: Emission removals from compost (MTCO2e per ton of organic matter in compost) | D6: 0.13 MTCO2e/ton organic matter in MSW | E6: After subtracting compost production-related emissions from reductions (from offsetting synthetic fertilizer) and removals (from SOC sequestration) | F6: EPA technical sheet | G6: https://www.epa.gov/system/files/documents/2023-12/warm_organic_materials_v16_dec.pdf
C9: Net Summary Removals (tCO2e) | E9: Biochar (estimated) carbon credit deduction (tCO2e) | F9: Net ERRs after subtracting biochar (tCO2e)
F10: (compost's contribution to removals)
C11: =Summary_Removals!H6 -> 821101.42 | E11: =$D$4*$D$3 * C11 -> 120701.91 | F11: =C11-E11 -> 700399.51
C12: =Summary_Removals!H7 -> 438618.79 | E12: =$D$4*$D$3 * C12 -> 64476.962 | F12: =C12-E12 -> 374141.83
C13: =Summary_Removals!H8 -> 280542.41 | E13: =$D$4*$D$3 * C13 -> 41239.735 | F13: =C13-E13 -> 239302.68
C14: =Summary_Removals!H9 -> 195610.66 | E14: =$D$4*$D$3 * C14 -> 28754.768 | F14: =C14-E14 -> 166855.9
C15: =Summary_Removals!H10 -> 148595.57 | E15: =$D$4*$D$3 * C15 -> 21843.549 | F15: =C15-E15 -> 126752.02
C16: =Summary_Removals!H11 -> 121486.32 | E16: =$D$4*$D$3 * C16 -> 17858.489 | F16: =C16-E16 -> 103627.83
C17: =Summary_Removals!H12 -> 104943.52 | E17: =$D$4*$D$3 * C17 -> 15426.697 | F17: =C17-E17 -> 89516.819
C18: =Summary_Removals!H13 -> 94082.138 | E18: =$D$4*$D$3 * C18 -> 13830.074 | F18: =C18-E18 -> 80252.064
C19: =Summary_Removals!H14 -> 86332.135 | E19: =$D$4*$D$3 * C19 -> 12690.824 | F19: =C19-E19 -> 73641.311
C20: =Summary_Removals!H15 -> 80334.732 | E20: =$D$4*$D$3 * C20 -> 11809.206 | F20: =C20-E20 -> 68525.526
C21: =Summary_Removals!H16 -> 75367.549 | E21: =$D$4*$D$3 * C21 -> 11079.03 | F21: =C21-E21 -> 64288.519
C22: =Summary_Removals!H17 -> 71043.468 | E22: =$D$4*$D$3 * C22 -> 10443.39 | F22: =C22-E22 -> 60600.079
... C49: =Summary_Removals!H44 -> 17827.343 | E49: =$D$4*$D$3 * C49 -> 2620.6194 | F49: =C49-E49 -> 15206.723
B50: Total | C50: =Summary_Removals!H45 -> 16975.575 | E50: =$D$4*$D$3 * C50 -> 2495.4096 | F50: =C50-E50 -> 14480.166
C52: =Summary_Removals!H47 -> 3534761.9 | F52: =SUM(F11:F50) -> 3015151.9

Sheet Summary_Removals
A3: Conservative Buffer (20% buffer + 20% model uncertainty-deduction + 10% other updates): | G3: 0.5
A5: Year | B5: Eor | C5: Lanyuak | D5: Mumberes | E5: Kabianga | F5: Kipsigis | H5: Net Total Project ERs (QA1)
A6: 2026 | B6: =Eor!H3 -> 182181.98 | C6: =Lanyuak!N3 -> 182926.64 | D6: =Mumberes!O4 -> 293852.47 | E6: =Kabianga!H3 -> 597779.33 | F6: =Kipsigis!E3 -> 385462.42 | H6: =SUM(B6:F6)*$G$3 -> 821101.42
A7: 2027 | B7: =Eor!H4 -> 103237.57 | C7: =Lanyuak!N4 -> 103660.47 | D7: =Mumberes!O5 -> 154483.81 | E7: =Kabianga!H4 -> 313610.94 | F7: =Kipsigis!E4 -> 202244.79 | H7: =SUM(B7:F7)*$G$3 -> 438618.79
A8: 2028 | B8: =Eor!H5 -> 70500.281 | C8: =Lanyuak!N5 -> 70790.495 | D8: =Mumberes!O6 -> 97119.404 | E8: =Kabianga!H5 -> 196147.63 | F8: =Kipsigis!E5 -> 126527.02 | H8: =SUM(B8:F8)*$G$3 -> 280542.41
A9: 2029 | B9: =Eor!H6 -> 52780.463 | C9: =Lanyuak!N6 -> 52999.42 | D9: =Mumberes!O7 -> 66493.78 | E9: =Kabianga!H6 -> 133069.6 | F9: =Kipsigis!E6 -> 85878.064 | H9: =SUM(B9:F9)*$G$3 -> 195610.66
A10: 2030 | B10: =Eor!H7 -> 42850.266 | C10: =Lanyuak!N7 -> 43029.765 | D10: =Mumberes!O8 -> 49706.644 | E10: =Kabianga!H7 -> 98192.794 | F10: =Kipsigis!E7 -> 63411.672 | H10: =SUM(B10:F10)*$G$3 -> 148595.57
A11: 2031 | B11: =Eor!H8 -> 37011.834 | C11: =Lanyuak!N8 -> 37168.524 | D11: =Mumberes!O9 -> 40166.662 | E11: =Kabianga!H8 -> 78130.549 | F11: =Kipsigis!E8 -> 50495.077 | H11: =SUM(B11:F11)*$G$3 -> 121486.32
A12: 2032 | B12: =Eor!H9 -> 33346.182 | C12: =Lanyuak!N9 -> 33488.858 | D12: =Mumberes!O10 -> 34459.224 | E12: =Kabianga!H9 -> 65940.905 | F12: =Kipsigis!E9 -> 42651.862 | H12: =SUM(B12:F12)*$G$3 -> 104943.52
A13: 2033 | B13: =Eor!H10 -> 30848.938 | C13: =Lanyuak!N10 -> 30982.294 | D13: =Mumberes!O11 -> 30800.579 | E13: =Kabianga!H10 -> 57992.097 | F13: =Kipsigis!E10 -> 37540.369 | H13: =SUM(B13:F13)*$G$3 -> 94082.138
A14: 2034 | B14: =Eor!H11 -> 28991.542 | C14: =Lanyuak!N11 -> 29118.111 | D14: =Mumberes!O12 -> 28253.839 | E14: =Kabianga!H11 -> 52372.539 | F14: =Kipsigis!E11 -> 33928.238 | H14: =SUM(B14:F14)*$G$3 -> 86332.135
A15: 2035 | B15: =Eor!H12 -> 27494.636 | C15: =Lanyuak!N12 -> 27615.818 | D15: =Mumberes!O13 -> 26324.807 | E15: =Kabianga!H12 -> 48070.702 | F15: =Kipsigis!E12 -> 31163.5 | H15: =SUM(B15:F15)*$G$3 -> 80334.732
A16: 2036 | B16: =Eor!H13 -> 26209.9 | C16: =Lanyuak!N13 -> 26326.493 | D16: =Mumberes!O14 -> 24751.615 | E16: =Kabianga!H13 -> 44547.976 | F16: =Kipsigis!E13 -> 28899.114 | H16: =SUM(B16:F16)*$G$3 -> 75367.549
A17: 2037 | B17: =Eor!H14 -> 25058.081 | C17: =Lanyuak!N14 -> 25170.564 | D17: =Mumberes!O15 -> 23394.632 | E17: =Kabianga!H14 -> 41514.952 | F17: =Kipsigis!E14 -> 26948.708 | H17: =SUM(B17:F17)*$G$3 -> 71043.468
... A45: 2065 | B45: =Eor!H42 -> 7997.0425 | C45: =Lanyuak!N42 -> 8042.1321 | D45: =Mumberes!O43 -> 5992.0369 | E45: =Kabianga!H42 -> 7194.0714 | F45: =Kipsigis!E42 -> 4725.8679 | H45: =SUM(B45:F45)*$G$3 -> 16975.575
G47: Total | H47: =SUM(H6:H45) -> 3534761.9
G48: Avg/yr | H48: =H47/40 -> 88369.047
H49: =H48/35000 -> 2.5248299
G50: 10yr avg | H50: =AVERAGE(H6:H15) -> 237164.77

Sheet Summary_Reductions
B1: Eor | C1: Lanyuak | D1: Mumberes | E1: Kabianga | F1: Kipsigis
A2: Area (ha) | B2: 4387 | C2: 4636 | D2: 5120 | E2: 15358 | F2: 9678
A3: Ers (tCO2e/ha/yr) | B3: 0.032894 | C3: 0.09697 | D3: 0.0255 | E3: 0.009381 | F3: 0.010175
A5: Conservative Buffer: 50% (20% buffer + 20% model uncertainty-deduction + 10% other updates)
A7: Year | B7: Eor | C7: Lanyuak | D7: Mumberes | E7: Kabianga | F7: Kipsigis | H7: Net Total Project ERs (QA3)
A8: 2026 | B8: =B$3*B$2 -> 144.30598 | C8: =C$3*C$2 -> 449.55292 | D8: =D$3*D$2 -> 130.56 | E8: =E$3*E$2 -> 144.0734 | F8: =F$3*F$2 -> 98.47365 | H8: =SUM(B8:F8) * 0.5 -> 483.48297
A9: 2027 | B9: =B$3*B$2 -> 144.30598 | C9: =C$3*C$2 -> 449.55292 | D9: =D$3*D$2 -> 130.56 | E9: =E$3*E$2 -> 144.0734 | F9: =F$3*F$2 -> 98.47365 | H9: =SUM(B9:F9) * 0.5 -> 483.48297
A10: 2028 | B10: =B$3*B$2 -> 144.30598 | C10: =C$3*C$2 -> 449.55292 | D10: =D$3*D$2 -> 130.56 | E10: =E$3*E$2 -> 144.0734 | F10: =F$3*F$2 -> 98.47365 | H10: =SUM(B10:F10) * 0.5 -> 483.48297
A11: 2029 | B11: =B$3*B$2 -> 144.30598 | C11: =C$3*C$2 -> 449.55292 | D11: =D$3*D$2 -> 130.56 | E11: =E$3*E$2 -> 144.0734 | F11: =F$3*F$2 -> 98.47365 | H11: =SUM(B11:F11) * 0.5 -> 483.48297
A12: 2030 | B12: =B$3*B$2 -> 144.30598 | C12: =C$3*C$2 -> 449.55292 | D12: =D$3*D$2 -> 130.56 | E12: =E$3*E$2 -> 144.0734 | F12: =F$3*F$2 -> 98.47365 | H12: =SUM(B12:F12) * 0.5 -> 483.48297
A13: 2031 | B13: =B$3*B$2 -> 144.30598 | C13: =C$3*C$2 -> 449.55292 | D13: =D$3*D$2 -> 130.56 | E13: =E$3*E$2 -> 144.0734 | F13: =F$3*F$2 -> 98.47365 | H13: =SUM(B13:F13) * 0.5 -> 483.48297
A14: 2032 | B14: =B$3*B$2 -> 144.30598 | C14: =C$3*C$2 -> 449.55292 | D14: =D$3*D$2 -> 130.56 | E14: =E$3*E$2 -> 144.0734 | F14: =F$3*F$2 -> 98.47365 | H14: =SUM(B14:F14) * 0.5 -> 483.48297
A15: 2033 | B15: =B$3*B$2 -> 144.30598 | C15: =C$3*C$2 -> 449.55292 | D15: =D$3*D$2 -> 130.56 | E15: =E$3*E$2 -> 144.0734 | F15: =F$3*F$2 -> 98.47365 | H15: =SUM(B15:F15) * 0.5 -> 483.48297
A16: 2034 | B16: =B$3*B$2 -> 144.30598 | C16: =C$3*C$2 -> 449.55292 | D16: =D$3*D$2 -> 130.56 | E16: =E$3*E$2 -> 144.0734 | F16: =F$3*F$2 -> 98.47365 | H16: =SUM(B16:F16) * 0.5 -> 483.48297
A17: 2035 | B17: =B$3*B$2 -> 144.30598 | C17: =C$3*C$2 -> 449.55292 | D17: =D$3*D$2 -> 130.56 | E17: =E$3*E$2 -> 144.0734 | F17: =F$3*F$2 -> 98.47365 | H17: =SUM(B17:F17) * 0.5 -> 483.48297
A18: 2036 | B18: =B$3*B$2 -> 144.30598 | C18: =C$3*C$2 -> 449.55292 | D18: =D$3*D$2 -> 130.56 | E18: =E$3*E$2 -> 144.0734 | F18: =F$3*F$2 -> 98.47365 | H18: =SUM(B18:F18) * 0.5 -> 483.48297
A19: 2037 | B19: =B$3*B$2 -> 144.30598 | C19: =C$3*C$2 -> 449.55292 | D19: =D$3*D$2 -> 130.56 | E19: =E$3*E$2 -> 144.0734 | F19: =F$3*F$2 -> 98.47365 | H19: =SUM(B19:F19) * 0.5 -> 483.48297
... A47: 2065 | B47: =B$3*B$2 -> 144.30598 | C47: =C$3*C$2 -> 449.55292 | D47: =D$3*D$2 -> 130.56 | E47: =E$3*E$2 -> 144.0734 | F47: =F$3*F$2 -> 98.47365 | H47: =SUM(B47:F47) * 0.5 -> 483.48297
H49: =SUM(H8:H47) -> 19339.319

Sheet Additional_Coop_Projections
A1: Year | B1: Net Total Project ERs (QA1) | L1: ER/yr
A2: Total Coops --> | B2: 5 | C2: 10 | D2: 15 | E2: 20 | F2: 25 | G2: 30 | H2: 35 | I2: 40 | J2: 45 | K2: 50
A3: 2026 | B3: =Summary_Removals!$H6 -> 821101.42 | L3: =SUM(B3:K3) -> 821101.42
A4: 2027 | B4: =Summary_Removals!$H7 -> 438618.79 | C4: =Summary_Removals!$H6 -> 821101.42 | L4: =SUM(B4:K4) -> 1259720.2
A5: 2028 | B5: =Summary_Removals!$H8 -> 280542.41 | C5: =Summary_Removals!$H7 -> 438618.79 | D5: =Summary_Removals!$H6 -> 821101.42 | L5: =SUM(B5:K5) -> 1540262.6
A6: 2029 | B6: =Summary_Removals!$H9 -> 195610.66 | C6: =Summary_Removals!$H8 -> 280542.41 | D6: =Summary_Removals!$H7 -> 438618.79 | E6: =Summary_Removals!$H6 -> 821101.42 | L6: =SUM(B6:K6) -> 1735873.3
A7: 2030 | B7: =Summary_Removals!$H10 -> 148595.57 | C7: =Summary_Removals!$H9 -> 195610.66 | D7: =Summary_Removals!$H8 -> 280542.41 | E7: =Summary_Removals!$H7 -> 438618.79 | F7: =Summary_Removals!$H6 -> 821101.42 | L7: =SUM(B7:K7) -> 1884468.9
A8: 2031 | B8: =Summary_Removals!$H11 -> 121486.32 | C8: =Summary_Removals!$H10 -> 148595.57 | D8: =Summary_Removals!$H9 -> 195610.66 | E8: =Summary_Removals!$H8 -> 280542.41 | F8: =Summary_Removals!$H7 -> 438618.79 | G8: =Summary_Removals!$H6 -> 821101.42 | L8: =SUM(B8:K8) -> 2005955.2
A9: 2032 | B9: =Summary_Removals!$H12 -> 104943.52 | C9: =Summary_Removals!$H11 -> 121486.32 | D9: =Summary_Removals!$H10 -> 148595.57 | E9: =Summary_Removals!$H9 -> 195610.66 | F9: =Summary_Removals!$H8 -> 280542.41 | G9: =Summary_Removals!$H7 -> 438618.79 | H9: =Summary_Removals!$H6 -> 821101.42 | L9: =SUM(B9:K9) -> 2110898.7
A10: 2033 | B10: =Summary_Removals!$H13 -> 94082.138 | C10: =Summary_Removals!$H12 -> 104943.52 | D10: =Summary_Removals!$H11 -> 121486.32 | E10: =Summary_Removals!$H10 -> 148595.57 | F10: =Summary_Removals!$H9 -> 195610.66 | G10: =Summary_Removals!$H8 -> 280542.41 | H10: =Summary_Removals!$H7 -> 438618.79 | I10: =Summary_Removals!$H6 -> 821101.42 | L10: =SUM(B10:K10) -> 2204980.8
A11: 2034 | B11: =Summary_Removals!$H14 -> 86332.135 | C11: =Summary_Removals!$H13 -> 94082.138 | D11: =Summary_Removals!$H12 -> 104943.52 | E11: =Summary_Removals!$H11 -> 121486.32 | F11: =Summary_Removals!$H10 -> 148595.57 | G11: =Summary_Removals!$H9 -> 195610.66 | H11: =Summary_Removals!$H8 -> 280542.41 | I11: =Summary_Removals!$H7 -> 438618.79 | J11: =Summary_Removals!$H6 -> 821101.42 | L11: =SUM(B11:K11) -> 2291313
A12: 2035 | B12: =Summary_Removals!$H15 -> 80334.732 | C12: =Summary_Removals!$H14 -> 86332.135 | D12: =Summary_Removals!$H13 -> 94082.138 | E12: =Summary_Removals!$H12 -> 104943.52 | F12: =Summary_Removals!$H11 -> 121486.32 | G12: =Summary_Removals!$H10 -> 148595.57 | H12: =Summary_Removals!$H9 -> 195610.66 | I12: =Summary_Removals!$H8 -> 280542.41 | J12: =Summary_Removals!$H7 -> 438618.79 | K12: =Summary_Removals!$H6 -> 821101.42 | L12: =SUM(B12:K12) -> 2371647.7
A13: 2036 | B13: =Summary_Removals!$H16 -> 75367.549 | C13: =Summary_Removals!$H15 -> 80334.732 | D13: =Summary_Removals!$H14 -> 86332.135 | E13: =Summary_Removals!$H13 -> 94082.138 | F13: =Summary_Removals!$H12 -> 104943.52 | G13: =Summary_Removals!$H11 -> 121486.32 | H13: =Summary_Removals!$H10 -> 148595.57 | I13: =Summary_Removals!$H9 -> 195610.66 | J13: =Summary_Removals!$H8 -> 280542.41 | K13: =Summary_Removals!$H7 -> 438618.79 | L13: =SUM(B13:K13) -> 1625913.8
A14: 2037 | B14: =Summary_Removals!$H17 -> 71043.468 | C14: =Summary_Removals!$H16 -> 75367.549 | D14: =Summary_Removals!$H15 -> 80334.732 | E14: =Summary_Removals!$H14 -> 86332.135 | F14: =Summary_Removals!$H13 -> 94082.138 | G14: =Summary_Removals!$H12 -> 104943.52 | H14: =Summary_Removals!$H11 -> 121486.32 | I14: =Summary_Removals!$H10 -> 148595.57 | J14: =Summary_Removals!$H9 -> 195610.66 | K14: =Summary_Removals!$H8 -> 280542.41 | L14: =SUM(B14:K14) -> 1258338.5
A15: 2038 | B15: =Summary_Removals!$H18 -> 67152.397 | C15: =Summary_Removals!$H17 -> 71043.468 | D15: =Summary_Removals!$H16 -> 75367.549 | E15: =Summary_Removals!$H15 -> 80334.732 | F15: =Summary_Removals!$H14 -> 86332.135 | G15: =Summary_Removals!$H13 -> 94082.138 | H15: =Summary_Removals!$H12 -> 104943.52 | I15: =Summary_Removals!$H11 -> 121486.32 | J15: =Summary_Removals!$H10 -> 148595.57 | K15: =Summary_Removals!$H9 -> 195610.66 | L15: =SUM(B15:K15) -> 1044948.5
A16: 2039 | B16: =Summary_Removals!$H19 -> 63577.945 | C16: =Summary_Removals!$H18 -> 67152.397 | D16: =Summary_Removals!$H17 -> 71043.468 | E16: =Summary_Removals!$H16 -> 75367.549 | F16: =Summary_Removals!$H15 -> 80334.732 | G16: =Summary_Removals!$H14 -> 86332.135 | H16: =Summary_Removals!$H13 -> 94082.138 | I16: =Summary_Removals!$H12 -> 104943.52 | J16: =Summary_Removals!$H11 -> 121486.32 | K16: =Summary_Removals!$H10 -> 148595.57 | L16: =SUM(B16:K16) -> 912915.77
A17: 2040 | B17: =Summary_Removals!$H20 -> 60253.508 | C17: =Summary_Removals!$H19 -> 63577.945 | D17: =Summary_Removals!$H18 -> 67152.397 | E17: =Summary_Removals!$H17 -> 71043.468 | F17: =Summary_Removals!$H16 -> 75367.549 | G17: =Summary_Removals!$H15 -> 80334.732 | H17: =Summary_Removals!$H14 -> 86332.135 | I17: =Summary_Removals!$H13 -> 94082.138 | J17: =Summary_Removals!$H12 -> 104943.52 | K17: =Summary_Removals!$H11 -> 121486.32 | L17: =SUM(B17:K17) -> 824573.71
A18: 2041 | B18: =Summary_Removals!$H21 -> 57139.075 | C18: =Summary_Removals!$H20 -> 60253.508 | D18: =Summary_Removals!$H19 -> 63577.945 | E18: =Summary_Removals!$H18 -> 67152.397 | F18: =Summary_Removals!$H17 -> 71043.468 | G18: =Summary_Removals!$H16 -> 75367.549 | H18: =Summary_Removals!$H15 -> 80334.732 | I18: =Summary_Removals!$H14 -> 86332.135 | J18: =Summary_Removals!$H13 -> 94082.138 | K18: =Summary_Removals!$H12 -> 104943.52 | L18: =SUM(B18:K18) -> 760226.46
A19: 2042 | B19: =Summary_Removals!$H22 -> 54208.979 | C19: =Summary_Removals!$H21 -> 57139.075 | D19: =Summary_Removals!$H20 -> 60253.508 | E19: =Summary_Removals!$H19 -> 63577.945 | F19: =Summary_Removals!$H18 -> 67152.397 | G19: =Summary_Removals!$H17 -> 71043.468 | H19: =Summary_Removals!$H16 -> 75367.549 | I19: =Summary_Removals!$H15 -> 80334.732 | J19: =Summary_Removals!$H14 -> 86332.135 | K19: =Summary_Removals!$H13 -> 94082.138 | L19: =SUM(B19:K19) -> 709491.93
A20: 2043 | B20: =Summary_Removals!$H23 -> 51445.417 | C20: =Summary_Removals!$H22 -> 54208.979 | D20: =Summary_Removals!$H21 -> 57139.075 | E20: =Summary_Removals!$H20 -> 60253.508 | F20: =Summary_Removals!$H19 -> 63577.945 | G20: =Summary_Removals!$H18 -> 67152.397 | H20: =Summary_Removals!$H17 -> 71043.468 | I20: =Summary_Removals!$H16 -> 75367.549 | J20: =Summary_Removals!$H15 -> 80334.732 | K20: =Summary_Removals!$H14 -> 86332.135 | L20: =SUM(B20:K20) -> 666855.2
A21: 2044 | B21: =Summary_Removals!$H24 -> 48834.998 | C21: =Summary_Removals!$H23 -> 51445.417 | D21: =Summary_Removals!$H22 -> 54208.979 | E21: =Summary_Removals!$H21 -> 57139.075 | F21: =Summary_Removals!$H20 -> 60253.508 | G21: =Summary_Removals!$H19 -> 63577.945 | H21: =Summary_Removals!$H18 -> 67152.397 | I21: =Summary_Removals!$H17 -> 71043.468 | J21: =Summary_Removals!$H16 -> 75367.549 | K21: =Summary_Removals!$H15 -> 80334.732 | L21: =SUM(B21:K21) -> 629358.07
A22: 2045 | B22: =Summary_Removals!$H25 -> 46366.915 | C22: =Summary_Removals!$H24 -> 48834.998 | D22: =Summary_Removals!$H23 -> 51445.417 | E22: =Summary_Removals!$H22 -> 54208.979 | F22: =Summary_Removals!$H21 -> 57139.075 | G22: =Summary_Removals!$H20 -> 60253.508 | H22: =Summary_Removals!$H19 -> 63577.945 | I22: =Summary_Removals!$H18 -> 67152.397 | J22: =Summary_Removals!$H17 -> 71043.468 | K22: =Summary_Removals!$H16 -> 75367.549 | L22: =SUM(B22:K22) -> 595390.25
A23: 2046 | B23: =Summary_Removals!$H26 -> 44031.957 | C23: =Summary_Removals!$H25 -> 46366.915 | D23: =Summary_Removals!$H24 -> 48834.998 | E23: =Summary_Removals!$H23 -> 51445.417 | F23: =Summary_Removals!$H22 -> 54208.979 | G23: =Summary_Removals!$H21 -> 57139.075 | H23: =Summary_Removals!$H20 -> 60253.508 | I23: =Summary_Removals!$H19 -> 63577.945 | J23: =Summary_Removals!$H18 -> 67152.397 | K23: =Summary_Removals!$H17 -> 71043.468 | L23: =SUM(B23:K23) -> 564054.66
... A42: 2065 | B42: =Summary_Removals!$H45 -> 16975.575 | C42: =Summary_Removals!$H44 -> 17827.343 | D42: =Summary_Removals!$H43 -> 18724.163 | E42: =Summary_Removals!$H42 -> 19668.561 | F42: =Summary_Removals!$H41 -> 20663.213 | G42: =Summary_Removals!$H40 -> 21710.954 | H42: =Summary_Removals!$H39 -> 22814.793 | I42: =Summary_Removals!$H38 -> 23977.92 | J42: =Summary_Removals!$H37 -> 25203.719 | K42: =Summary_Removals!$H36 -> 26495.782 | L42: =SUM(B42:K42) -> 214062.02
B43: =Summary_Removals!$H46 -> 0
K44: Total (40y) | L44: =SUM(B3:K42) -> 34471375
K45: Avg/yr (40y) | L45: =L44/40 -> 861784.39
K47: Total (1st 10y) | L47: =SUM(L3:L12) -> 18226222
K48: Avg/yr (1st 10y) | L48: =L47/10 -> 1822622.2

Sheet Eor
A1: Maize - SOC Baseline (tCO2e/ha) | B1: Maize - SOC Project (tCO2e/ha) | C1: Maize - ERs (tCO2e/ha) | D1: Potato - SOC Baseline (tCO2e/ha) | E1: Potato - SOC Project (tCO2e/ha) | F1: Potato - ERs (tCO2e/ha) | H1: Net ERs
A2: 417.78864 | B2: 417.78331 | D2: 417.78864 | E2: 417.78331 | L2: Area (ha)
A3: 375.52928 | B3: 417.78331 | C3: 42.259359 | D3: 373.01783 | E3: 417.78331 | F3: 44.770815 | H3: =(C3*0.4+F3*0.55)*$L$3 -> 182181.98 | L3: 4387
A4: 351.58476 | B4: 417.78331 | C4: 23.944522 | D4: 347.64545 | E4: 417.78331 | F4: 25.372371 | H4: =(C4*0.4+F4*0.55)*$L$3 -> 103237.57
A5: 335.23735 | B5: 417.7833 | C5: 16.347399 | D5: 330.31579 | E5: 417.7833 | F5: 17.329658 | H5: =(C5*0.4+F5*0.55)*$L$3 -> 70500.281
A6: 323.00372 | B6: 417.7833 | C6: 12.233628 | D6: 317.33823 | E6: 417.7833 | F6: 12.977555 | H6: =(C6*0.4+F6*0.55)*$L$3 -> 52780.463
A7: 313.07685 | B7: 417.7833 | C7: 9.9268722 | D7: 306.79858 | E7: 417.7833 | F7: 10.539649 | H7: =(C7*0.4+F7*0.55)*$L$3 -> 42850.266
A8: 304.50738 | B8: 417.78329 | C8: 8.5694689 | D8: 297.69145 | E8: 417.78329 | F8: 9.1071266 | H8: =(C8*0.4+F8*0.55)*$L$3 -> 37011.834
A9: 296.79106 | B9: 417.78329 | C9: 7.7163148 | D9: 289.48307 | E9: 417.78329 | F9: 8.2083812 | H9: =(C9*0.4+F9*0.55)*$L$3 -> 33346.182
A10: 289.65662 | B10: 417.78329 | C10: 7.1344322 | D10: 281.88647 | E10: 417.78329 | F10: 7.5965918 | H10: =(C10*0.4+F10*0.55)*$L$3 -> 30848.938
A11: 282.95542 | B11: 417.78329 | C11: 6.701202 | D11: 274.7446 | E11: 417.78329 | F11: 7.1418748 | H11: =(C11*0.4+F11*0.55)*$L$3 -> 28991.542
A12: 276.60361 | B12: 417.78329 | C12: 6.3518083 | D12: 267.96901 | E12: 417.78329 | F12: 6.7755902 | H12: =(C12*0.4+F12*0.55)*$L$3 -> 27494.636
A13: 270.55178 | B13: 417.78328 | C13: 6.051831 | D13: 261.5077 | E13: 417.78328 | F13: 6.4612996 | H13: =(C13*0.4+F13*0.55)*$L$3 -> 26209.9
A14: 264.7689 | B14: 417.78328 | C14: 5.7828726 | D14: 255.32816 | E14: 417.78328 | F14: 6.1795372 | H14: =(C14*0.4+F14*0.55)*$L$3 -> 25058.081
A15: 259.2339 | B15: 417.78328 | C15: 5.534997 | D15: 249.40836 | E15: 417.78328 | F15: 5.9197987 | H15: =(C15*0.4+F15*0.55)*$L$3 -> 23996.399
... A42: 171.2758 | B42: 417.78325 | C42: 1.81775 | D42: 154.35994 | E42: 417.78325 | F42: 1.9923554 | H42: =(C42*0.4+F42*0.55)*$L$3 -> 7997.0425

Sheet Lanyuak
A1: Maize - SOC Baseline (tCO2e/ha) | B1: Maize - SOC Project (tCO2e/ha) | C1: Maize - ERs (tCO2e/ha) | D1: Wheat - SOC Baseline (tCO2e/ha) | E1: Wheat - SOC Project (tCO2e/ha) | F1: Wheat - ERs (tCO2e/ha) | G1: Barley - SOC Baseline (tCO2e/ha) | H1: Barley - SOC Project (tCO2e/ha) | I1: Barley - ERs (tCO2e/ha) | J1: Potato - SOC Baseline (tCO2e/ha) | K1: Potato - SOC Project (tCO2e/ha) | L1: Potato - ERs (tCO2e/ha) | N1: Net ERs
A2: 417.78864 | B2: 417.78331 | D2: 417.78864 | E2: 417.78331 | G2: 417.78864 | H2: 417.78331 | J2: 417.78864 | K2: 417.78331 | P2: Area (ha)
A3: 373.08383 | B3: 417.78331 | C3: 44.704807 | D3: 372.99711 | E3: 417.78331 | F3: 44.791531 | G3: 372.99711 | H3: 417.78331 | I3: 44.791531 | J3: 375.09004 | K3: 417.78331 | L3: 42.698597 | N3: =(C3*0.2 + F3*0.15 + I3*0.15 + L3*0.4)*$P$3 -> 182926.64 | P3: 4636
A4: 347.74899 | B4: 417.78331 | C4: 25.334836 | D4: 347.61296 | E4: 417.78331 | F4: 25.384151 | G4: 347.61296 | H4: 417.78331 | I4: 25.384151 | J4: 350.89584 | K4: 417.78331 | L4: 24.194205 | N4: =(C4*0.2 + F4*0.15 + I4*0.15 + L4*0.4)*$P$3 -> 103660.47
A5: 330.44517 | B5: 417.7833 | C5: 17.303826 | D5: 330.27519 | E5: 417.7833 | F5: 17.337765 | G5: 330.27519 | H5: 417.7833 | I5: 17.337765 | J5: 334.37673 | K5: 417.7833 | L5: 16.519102 | N5: =(C5*0.2 + F5*0.15 + I5*0.15 + L5*0.4)*$P$3 -> 70790.495
A6: 317.48719 | B6: 417.7833 | C6: 12.957977 | D6: 317.29149 | E6: 417.7833 | F6: 12.983699 | G6: 317.29149 | H6: 417.7833 | I6: 12.983699 | J6: 322.01313 | K6: 417.7833 | L6: 12.363597 | N6: =(C6*0.2 + F6*0.15 + I6*0.15 + L6*0.4)*$P$3 -> 52999.42
A7: 306.96367 | B7: 417.7833 | C7: 10.52351 | D7: 306.74677 | E7: 417.7833 | F7: 10.544714 | G7: 306.74677 | H7: 417.7833 | I7: 10.544714 | J7: 311.97927 | K7: 417.7833 | L7: 10.033854 | N7: =(C7*0.2 + F7*0.15 + I7*0.15 + L7*0.4)*$P$3 -> 43029.765
A8: 297.87072 | B8: 417.78329 | C8: 9.0929534 | D8: 297.63519 | E8: 417.78329 | F8: 9.1115752 | G8: 297.63519 | H8: 417.78329 | I8: 9.1115752 | J8: 303.31601 | K8: 417.78329 | L8: 8.6632651 | N8: =(C8*0.2 + F8*0.15 + I8*0.15 + L8*0.4)*$P$3 -> 37168.524
A9: 289.67532 | B9: 417.78329 | C9: 8.1953983 | D9: 289.42273 | E9: 417.78329 | F9: 8.2124563 | G9: 289.42273 | H9: 417.78329 | I9: 8.2124563 | J9: 295.51391 | K9: 417.78329 | L9: 7.8020928 | N9: =(C9*0.2 + F9*0.15 + I9*0.15 + L9*0.4)*$P$3 -> 33488.858
A10: 282.09093 | B10: 417.78329 | C10: 7.5843876 | D10: 281.82231 | E10: 417.78329 | F10: 7.6004226 | G10: 281.82231 | H10: 417.78329 | I10: 7.6004226 | J10: 288.29897 | K10: 417.78329 | L10: 7.2149383 | N10: =(C10*0.2 + F10*0.15 + I10*0.15 + L10*0.4)*$P$3 -> 30982.294
A11: 274.9607 | B11: 417.78329 | C11: 7.1302285 | D11: 274.67677 | E11: 417.78329 | F11: 7.1455306 | G11: 274.67677 | H11: 417.78329 | I11: 7.1455306 | J11: 281.52106 | K11: 417.78329 | L11: 6.7779116 | N11: =(C11*0.2 + F11*0.15 + I11*0.15 + L11*0.4)*$P$3 -> 29118.111
A12: 268.19631 | B12: 417.78329 | C12: 6.7643815 | D12: 267.89766 | E12: 417.78329 | F12: 6.7791088 | G12: 267.89766 | H12: 417.78329 | I12: 6.7791088 | J12: 275.09553 | K12: 417.78329 | L12: 6.4255281 | N12: =(C12*0.2 + F12*0.15 + I12*0.15 + L12*0.4)*$P$3 -> 27615.818
A13: 261.74585 | B13: 417.78328 | C13: 6.4504611 | D13: 261.43296 | E13: 417.78328 | F13: 6.4647021 | G13: 261.43296 | H13: 417.78328 | I13: 6.4647021 | J13: 268.97251 | K13: 417.78328 | L13: 6.1230144 | N13: =(C13*0.2 + F13*0.15 + I13*0.15 + L13*0.4)*$P$3 -> 26326.493
A14: 255.57682 | B14: 417.78328 | C14: 6.1690297 | D14: 255.25012 | E14: 417.78328 | F14: 6.1828357 | G14: 255.25012 | H14: 417.78328 | I14: 6.1828357 | J14: 263.12072 | K14: 417.78328 | L14: 5.851786 | N14: =(C14*0.2 + F14*0.15 + I14*0.15 + L14*0.4)*$P$3 -> 25170.564
A15: 249.66722 | B15: 417.78328 | C15: 5.909598 | D15: 249.32712 | E15: 417.78328 | F15: 5.9230011 | G15: 249.32712 | H15: 417.78328 | I15: 5.9230011 | J15: 257.51891 | K15: 417.78328 | L15: 5.6018073 | N15: =(C15*0.2 + F15*0.15 + I15*0.15 + L15*0.4)*$P$3 -> 24105.081
... A42: 154.80837 | B42: 417.78325 | C42: 1.9876403 | D42: 154.21916 | E42: 417.78325 | F42: 1.9938367 | G42: 154.21916 | H42: 417.78325 | I42: 1.9938367 | J42: 168.33877 | K42: 417.78325 | L42: 1.8475863 | N42: =(C42*0.2 + F42*0.15 + I42*0.15 + L42*0.4)*$P$3 -> 8042.1321

Sheet Mumberes
A1: Ntu | H1: Nth
A2: Maize - SOC Baseline (tCO2e/ha) | B2: Maize - SOC Project (tCO2e/ha) | C2: Maize - ERs (tCO2e/ha) | D2: Potato - SOC Baseline (tCO2e/ha) | E2: Potato - SOC Project (tCO2e/ha) | F2: Potato - ERs (tCO2e/ha) | H2: Maize - SOC Baseline (tCO2e/ha) | I2: Maize - SOC Project (tCO2e/ha) | J2: Maize - ERs (tCO2e/ha) | K2: Potato - SOC Baseline (tCO2e/ha) | L2: Potato - SOC Project (tCO2e/ha) | M2: Potato - ERs (tCO2e/ha) | O2: Net Ers
A3: 416.71666 | B3: 416.71617 | D3: 416.71666 | E3: 416.71617 | H3: 412.42257 | I3: 412.4592 | K3: 412.42257 | L3: 412.4592 | Q3: Area (ha)
A4: 357.82103 | B4: 416.71616 | C4: 58.895622 | D4: 350.81188 | E4: 416.71616 | F4: 65.904776 | H4: 354.27591 | I4: 412.4592 | J4: 58.146656 | K4: 347.2663 | L4: 412.4592 | M4: 65.156266 | O4: =(0.5*(C4*0.6 + F4*0.34) + 0.5*(J4*0.6 + M4*0.34))*$Q$4 -> 293852.47 | Q4: 5120
A5: 326.86956 | B5: 416.71616 | C5: 30.951472 | D5: 316.14603 | E5: 416.71616 | F5: 34.665842 | H5: 323.71742 | I5: 412.4592 | J5: 30.55849 | K5: 312.99314 | L5: 412.4592 | M5: 34.273158 | O5: =(0.5*(C5*0.6 + F5*0.34) + 0.5*(J5*0.6 + M5*0.34))*$Q$4 -> 154483.81
A6: 307.42798 | B6: 416.71616 | C6: 19.441578 | D6: 294.32299 | E6: 416.71616 | F6: 21.82304 | H6: 304.523 | I6: 412.45919 | J6: 19.194414 | K6: 291.41714 | L6: 412.45919 | M6: 21.575995 | O6: =(0.5*(C6*0.6 + F6*0.34) + 0.5*(J6*0.6 + M6*0.34))*$Q$4 -> 97119.404
A7: 294.13742 | B7: 416.71615 | C7: 13.290551 | D7: 279.3452 | E7: 416.71615 | F7: 14.977793 | H7: 291.40204 | I7: 412.45919 | J7: 13.120961 | K7: 276.60897 | L7: 412.45919 | M7: 14.808166 | O7: =(0.5*(C7*0.6 + F7*0.34) + 0.5*(J7*0.6 + M7*0.34))*$Q$4 -> 66493.78
A8: 284.22365 | B8: 416.71615 | C8: 9.9137709 | D8: 268.11011 | E8: 416.71615 | F8: 11.235086 | H8: 281.61557 | I8: 412.45919 | J8: 9.7864667 | K8: 265.50136 | L8: 412.45919 | M8: 11.107606 | O8: =(0.5*(C8*0.6 + F8*0.34) + 0.5*(J8*0.6 + M8*0.34))*$Q$4 -> 49706.644
A9: 276.23312 | B9: 416.71615 | C9: 7.9905295 | D9: 258.99417 | E9: 416.71615 | F9: 9.115931 | H9: 273.72851 | I9: 412.45919 | J9: 7.8870584 | K9: 256.48921 | L9: 412.45919 | M9: 9.0121559 | O9: =(0.5*(C9*0.6 + F9*0.34) + 0.5*(J9*0.6 + M9*0.34))*$Q$4 -> 40166.662
A10: 269.39658 | B10: 416.71615 | C10: 6.8365385 | D10: 251.13985 | E10: 416.71615 | F10: 7.8543259 | H10: 266.98134 | I10: 412.45918 | J10: 6.7471666 | K10: 248.72467 | L10: 412.45918 | M10: 7.7645307 | O10: =(0.5*(C10*0.6 + F10*0.34) + 0.5*(J10*0.6 + M10*0.34))*$Q$4 -> 34459.224
A11: 263.30232 | B11: 416.71615 | C11: 6.0942576 | D11: 244.08959 | E11: 416.71615 | F11: 7.0502587 | H11: 260.96753 | I11: 412.45918 | J11: 6.0138032 | K11: 241.7554 | L11: 412.45918 | M11: 6.9692693 | O11: =(0.5*(C11*0.6 + F11*0.34) + 0.5*(J11*0.6 + M11*0.34))*$Q$4 -> 30800.579
A12: 257.72648 | B12: 416.71615 | C12: 5.5758371 | D12: 237.59585 | E12: 416.71615 | F12: 6.4937332 | H12: 255.46602 | I12: 412.45918 | J12: 5.5015077 | K12: 235.33664 | L12: 412.45918 | M12: 6.4187636 | O12: =(0.5*(C12*0.6 + F12*0.34) + 0.5*(J12*0.6 + M12*0.34))*$Q$4 -> 28253.839
A13: 252.54433 | B13: 416.71614 | C13: 5.1821443 | D13: 231.52179 | E13: 416.71614 | F13: 6.0740596 | H13: 250.35362 | I13: 412.45918 | J13: 5.1124055 | K13: 229.33306 | L13: 412.45918 | M13: 6.0035814 | O13: =(0.5*(C13*0.6 + F13*0.34) + 0.5*(J13*0.6 + M13*0.34))*$Q$4 -> 26324.807
A14: 247.68372 | B14: 416.71614 | C14: 4.8606142 | D14: 225.78914 | E14: 416.71614 | F14: 5.7326501 | H14: 245.55902 | I14: 412.45918 | J14: 4.7945968 | K14: 223.66725 | L14: 412.45918 | M14: 5.6657998 | O14: =(0.5*(C14*0.6 + F14*0.34) + 0.5*(J14*0.6 + M14*0.34))*$Q$4 -> 24751.615
A15: 243.10053 | B15: 416.71614 | C15: 4.5831884 | D15: 220.35082 | E15: 416.71614 | F15: 5.438321 | H15: 241.03864 | I15: 412.45918 | J15: 4.5203764 | K15: 218.29267 | L15: 412.45918 | M15: 5.374588 | O15: =(0.5*(C15*0.6 + F15*0.34) + 0.5*(J15*0.6 + M15*0.34))*$Q$4 -> 23394.632
A16: 238.7658 | B16: 416.71614 | C16: 4.3347327 | D16: 215.17649 | E16: 416.71614 | F16: 5.1743293 | H16: 236.76384 | I16: 412.45918 | J16: 4.2747991 | K16: 213.17927 | L16: 412.45918 | M16: 5.1133916 | O16: =(0.5*(C16*0.6 + F16*0.34) + 0.5*(J16*0.6 + M16*0.34))*$Q$4 -> 22178.673
... A43: 177.23678 | B43: 416.71613 | C43: 1.0937053 | D43: 136.63742 | E43: 416.71613 | F43: 1.5388858 | H43: 176.16799 | I43: 412.45917 | J43: 1.0749474 | K43: 135.61704 | L43: 412.45917 | M43: 1.5183136 | O43: =(0.5*(C43*0.6 + F43*0.34) + 0.5*(J43*0.6 + M43*0.34))*$Q$4 -> 5992.0369

Sheet Kabianga
A1: Tea - SOC Baseline (tCO2e/ha) | B1: Tea - SOC Project (tCO2e/ha) | C1: Tea - ERs (tCO2e/ha) | D1: Napier - SOC Baseline (tCO2e/ha) | E1: Napier - SOC Project (tCO2e/ha) | F1: Napier - ERs (tCO2e/ha) | H1: Net Ers
A2: 416.71666 | B2: 416.71617 | D2: 416.72332 | E2: 416.72223 | J2: Area (ha)
A3: 368.65756 | B3: 416.71616 | C3: 48.059099 | D3: 378.2923 | E3: 416.72222 | F3: 38.431023 | H3: =(C3*0.57 + F3*0.3)*$J$3 -> 597779.33 | J3: 15358
A4: 343.43555 | B4: 416.71616 | C4: 25.222 | D4: 358.1473 | E4: 416.72222 | F4: 20.144993 | H4: =(C4*0.57 + F4*0.3)*$J$3 -> 313610.94
A5: 327.64656 | B5: 416.71616 | C5: 15.788987 | D5: 345.57407 | E5: 416.72222 | F5: 12.573227 | H5: =(C5*0.57 + F5*0.3)*$J$3 -> 196147.63
A6: 316.91822 | B6: 416.71615 | C6: 10.728341 | D6: 337.0762 | E6: 416.72222 | F6: 8.4978647 | H6: =(C6*0.57 + F6*0.3)*$J$3 -> 133069.6
A7: 308.98409 | B7: 416.71615 | C7: 7.9341295 | D7: 330.83907 | E7: 416.72221 | F7: 6.237129 | H7: =(C7*0.57 + F7*0.3)*$J$3 -> 98192.794
A8: 302.65426 | B8: 416.71615 | C8: 6.3298225 | D8: 325.90811 | E8: 416.72221 | F8: 4.9309594 | H8: =(C8*0.57 + F8*0.3)*$J$3 -> 78130.549
A9: 297.29699 | B9: 416.71615 | C9: 5.3572721 | D9: 321.77497 | E9: 416.72221 | F9: 4.1331386 | H9: =(C9*0.57 + F9*0.3)*$J$3 -> 65940.905
A10: 292.57243 | B10: 416.71615 | C10: 4.7245623 | D10: 318.16491 | E10: 416.72221 | F10: 3.610061 | H10: =(C10*0.57 + F10*0.3)*$J$3 -> 57992.097
A11: 288.29432 | B11: 416.71615 | C11: 4.2781073 | D11: 314.92626 | E11: 416.72221 | F11: 3.2386447 | H11: =(C11*0.57 + F11*0.3)*$J$3 -> 52372.539
A12: 284.35763 | B12: 416.71614 | C12: 3.9366875 | D12: 311.9726 | E12: 416.7222 | F12: 2.9536622 | H12: =(C12*0.57 + F12*0.3)*$J$3 -> 48070.702
A13: 280.70053 | B13: 416.71614 | C13: 3.6570982 | D13: 309.2523 | E13: 416.7222 | F13: 2.7203019 | H13: =(C13*0.57 + F13*0.3)*$J$3 -> 44547.976
A14: 277.28437 | B14: 416.71614 | C14: 3.41616 | D14: 306.7325 | E14: 416.7222 | F14: 2.5197905 | H14: =(C14*0.57 + F14*0.3)*$J$3 -> 41514.952
A15: 274.0831 | B15: 416.71614 | C15: 3.2012683 | D15: 304.39067 | E15: 416.7222 | F15: 2.341836 | H15: =(C15*0.57 + F15*0.3)*$J$3 -> 38813.87
... A42: 232.92326 | B42: 416.71613 | C42: 0.62819969 | D42: 276.70931 | E42: 416.72219 | F42: 0.36783732 | H42: =(C42*0.57 + F42*0.3)*$J$3 -> 7194.0714

Sheet Kipsigis
A1: Tea - SOC Baseline (tCO2e/ha) | B1: Tea - SOC Project (tCO2e/ha) | C1: Tea - ERs (tCO2e/ha) | E1: Net Ers
A2: 416.71666 | B2: 416.71617 | G2: Area (ha)
A3: 370.64525 | B3: 416.71616 | C3: 46.071402 | E3: =C3*0.8645*$G$3 -> 385462.42 | G3: 9678
A4: 346.47246 | B4: 416.71616 | C4: 24.172787 | E4: =C4*0.8645*$G$3 -> 202244.79
A5: 331.34964 | B5: 416.71616 | C5: 15.122816 | E5: =C5*0.8645*$G$3 -> 126527.02
A6: 321.08529 | B6: 416.71615 | C6: 10.264354 | E6: =C6*0.8645*$G$3 -> 85878.064
A7: 313.50617 | B7: 416.71615 | C7: 7.5791166 | E7: =C7*0.8645*$G$3 -> 63411.672
A8: 307.47087 | B8: 416.71615 | C8: 6.0352939 | E8: =C8*0.8645*$G$3 -> 50495.077
A9: 302.37302 | B9: 416.71615 | C9: 5.0978539 | E9: =C9*0.8645*$G$3 -> 42651.862
A10: 297.8861 | B10: 416.71615 | C10: 4.4869158 | E10: =C10*0.8645*$G$3 -> 37540.369
A11: 293.83091 | B11: 416.71615 | C11: 4.0551852 | E11: =C11*0.8645*$G$3 -> 33928.238
A12: 290.10617 | B12: 416.71614 | C12: 3.724737 | E12: =C12*0.8645*$G$3 -> 31163.5
A13: 286.65208 | B13: 416.71614 | C13: 3.4540921 | E13: =C13*0.8645*$G$3 -> 28899.114
A14: 283.43111 | B14: 416.71614 | C14: 3.2209748 | E14: =C14*0.8645*$G$3 -> 26948.708
A15: 280.41785 | B15: 416.71614 | C15: 3.0132523 | E15: =C15*0.8645*$G$3 -> 25210.77
... A42: 242.34979 | B42: 416.71613 | C42: 0.56484717 | E42: =C42*0.8645*$G$3 -> 4725.8679
